Renewable energy-All-purpose,Renewable energy-Biomass,Renewable energy-Geothermal,Renewable energy-Photovoltaic & solar,Renewable energy-Wave & Tidal,Renewable energy-Wind,id
0,1,0,0,0,0,9199200
0,1,0,0,0,0,9199212
0,0,0,1,0,0,9199705
0,1,0,0,0,0,9199889
0,1,0,0,0,0,9199956
0,1,0,0,0,0,9200236
0,1,0,0,0,0,9200244
0,1,0,0,0,0,9200302
0,1,0,0,0,0,9200336
0,1,0,0,0,0,9200337
0,0,0,1,0,0,9200451
0,0,0,1,0,0,9200465
1,0,0,0,0,0,9200621
0,0,0,1,0,0,9200622
0,0,1,0,0,0,9200634
0,0,0,1,0,0,9200767
0,0,0,1,0,0,9200799
0,0,0,1,0,0,9200810
0,0,0,1,0,0,9200817
0,0,0,1,0,0,9200818
0,0,1,0,0,0,9200819
0,0,0,1,0,0,9200821
0,0,0,1,0,0,9201455
0,0,0,1,0,0,9201987
0,0,0,1,0,0,9202396
0,0,0,1,0,0,9202635
0,0,0,1,0,0,9202636
0,0,0,1,0,0,9202734
0,0,0,1,0,0,9202943
0,0,0,1,0,0,9202948
0,0,0,1,0,0,9202953
0,0,0,1,0,0,9202956
0,0,0,1,0,0,9202960
0,0,0,1,0,0,9202965
0,0,0,1,0,0,9203030
0,0,0,1,0,1,9203257
0,1,0,0,0,0,9204596
0,0,0,1,0,0,9204598
0,1,0,0,0,0,9205040
0,1,0,0,0,0,9206145
0,1,0,0,0,0,9206147
0,0,0,1,0,0,9206295
0,0,0,1,0,0,9206339
0,1,0,0,0,0,9206357
0,1,0,0,0,0,9206360
0,1,0,0,0,0,9206365
0,1,0,0,0,0,9206368
0,1,0,0,0,0,9206413
0,1,0,0,0,0,9206434
0,1,0,0,0,0,9206444
0,1,0,0,0,0,9206446
0,1,0,0,0,0,9206448
1,1,0,0,0,0,9206451
0,1,0,0,0,0,9206453
0,1,0,0,0,0,9206680
0,0,0,1,0,0,9206952
0,0,0,1,0,0,9206969
0,0,0,1,0,0,9206997
0,0,0,1,0,0,9207003
0,0,1,0,0,0,9207021
0,0,0,1,0,0,9207700
1,0,0,0,0,0,9207735
1,0,0,0,0,0,9207993
0,0,0,1,0,0,9208955
0,0,0,1,0,0,9208956
0,0,0,1,0,0,9209321
0,0,0,1,0,0,9209323
0,0,0,1,0,0,9209325
0,0,0,1,0,0,9209326
0,0,0,1,0,0,9209332
0,0,0,1,0,0,9209333
0,0,0,1,0,0,9209334
0,0,0,1,0,0,9209335
0,0,0,1,0,0,9209340
0,0,0,1,0,0,9209341
0,0,0,1,0,0,9209343
0,0,0,1,0,0,9209347
0,0,0,1,0,0,9209405
0,0,0,1,0,0,9209412
0,0,1,0,0,0,9209495
0,0,0,1,0,0,9209626
1,0,0,1,0,0,9209648
0,0,0,1,0,0,9209649
1,0,0,1,0,0,9209650
1,0,0,0,0,0,9209710
0,0,1,0,0,0,9209766
0,0,0,1,0,0,9210220
0,0,0,1,0,0,9211484
0,1,0,0,0,0,9211515
0,1,0,0,0,0,9212104
0,0,0,1,0,0,9212244
0,1,0,0,0,0,9212313
0,1,0,0,0,0,9212314
0,1,0,0,0,0,9212315
0,1,0,0,0,0,9212316
0,1,0,0,0,0,9212317
0,1,0,0,0,0,9212320
0,1,0,0,0,0,9212328
0,1,0,0,0,0,9212401
0,0,0,0,1,0,9212649
0,0,0,1,0,0,9212829
0,0,0,1,0,0,9214255
0,0,0,1,0,0,9214286
0,0,0,1,0,0,9214287
0,0,0,1,0,0,9214288
0,0,0,1,0,0,9214574
0,0,0,1,0,0,9214575
0,0,0,1,0,0,9214576
0,0,0,1,0,0,9214580
0,0,0,1,0,0,9214583
0,0,0,1,0,0,9214584
0,0,0,1,0,0,9214585
0,0,0,1,0,0,9214586
0,0,0,1,0,0,9214589
0,0,0,1,0,0,9214591
0,0,0,1,0,0,9214593
0,0,0,1,0,0,9214594
0,0,0,1,0,0,9214635
0,0,0,1,0,0,9214817
0,0,0,1,0,1,9214832
0,0,0,1,0,0,9214891
0,0,0,1,0,0,9214894
0,0,0,1,0,0,9215778
0,1,0,0,0,0,9215872
0,0,0,1,0,0,9216607
0,1,0,0,0,0,9216916
0,1,0,0,0,0,9217110
0,1,0,0,0,0,9217111
0,1,0,0,0,0,9217114
0,1,0,0,0,0,9217161
0,1,0,0,0,0,9217163
0,0,1,0,0,0,9217292
0,0,0,1,0,0,9217582
0,0,0,1,0,0,9217585
0,0,0,1,0,0,9217767
0,0,0,1,0,0,9218013
1,0,0,1,0,0,9218035
0,0,0,1,0,0,9218577
0,0,0,1,0,0,9218898
0,0,0,1,0,0,9218914
0,0,0,1,0,0,9219171
0,0,0,1,0,0,9219173
0,0,0,1,0,0,9219174
0,0,0,1,0,0,9219183
0,0,0,1,0,0,9219186
0,0,0,1,0,0,9219187
0,0,0,1,0,0,9219383
0,0,0,1,0,0,9219412
0,0,0,1,0,0,9219443
0,0,0,1,0,0,9219991
0,1,0,0,0,0,9221033
0,0,0,1,0,1,9221136
0,1,0,0,0,0,9221725
0,0,0,1,0,0,9222024
0,1,0,0,0,0,9222028
0,1,0,0,0,0,9222031
0,1,0,0,0,0,9222037
0,1,0,0,0,0,9222044
0,1,0,0,0,0,9222108
0,0,1,0,0,0,9222342
0,0,0,0,1,0,9222371
0,0,0,0,1,0,9222456
1,0,0,0,0,1,9222459
0,0,0,0,1,0,9222527
0,0,0,1,0,0,9222634
0,0,0,1,0,0,9222701
0,0,0,1,0,0,9222702
0,0,0,1,0,0,9222703
0,0,1,0,0,0,9222704
0,0,0,1,0,0,9222709
0,0,0,1,0,0,9223167
0,0,0,1,0,0,9224518
0,0,0,1,0,0,9224880
0,0,0,1,0,0,9224885
0,0,0,1,0,0,9224886
0,0,0,1,0,0,9224887
0,0,0,1,0,0,9224888
0,0,0,1,0,0,9224892
0,0,0,1,0,0,9224897
0,0,0,1,0,0,9224898
0,0,0,1,0,0,9224902
0,0,0,1,0,0,9224906
0,0,0,1,0,0,9225199
0,0,0,1,0,1,9225261
0,0,0,1,0,0,9225286
0,0,0,1,0,0,9227259
0,0,0,1,0,0,9227740
0,1,0,0,0,0,9227790
0,0,0,1,0,0,9227846
0,0,0,1,0,0,9227855
0,0,0,1,0,0,9228113
1,1,0,0,0,0,9228132
0,1,0,0,0,0,9228134
0,0,0,1,0,0,9228452
0,0,0,1,0,0,9228722
0,0,0,1,0,0,9228761
0,0,0,1,0,0,9230709
0,0,0,1,0,0,9230747
0,0,0,1,0,0,9231061
0,0,0,1,0,0,9231125
0,0,0,1,0,0,9231128
0,0,0,1,0,0,9231129
0,0,0,1,0,0,9231130
0,0,0,1,0,0,9231132
0,0,0,1,0,0,9231136
0,0,0,1,0,0,9231139
0,0,0,1,0,0,9231140
0,0,0,1,0,0,9231142
0,0,0,1,0,0,9231143
0,0,0,1,0,0,9231145
0,0,0,1,0,0,9231147
1,0,0,0,0,0,9231267
0,0,0,1,0,0,9231335
1,0,1,1,0,0,9231405
0,0,0,1,0,0,9231422
0,0,0,1,0,0,9231437
0,0,0,1,0,0,9231518
0,0,0,1,0,0,9232290
1,0,0,0,0,0,9233616
0,0,0,1,0,0,9233746
0,0,0,1,0,0,9233930
0,0,0,1,0,0,9234119
0,0,1,0,0,0,9234125
0,1,0,0,0,0,9234140
0,1,0,0,0,0,9234167
0,1,0,0,0,0,9234216
0,1,0,0,0,0,9234221
0,1,0,0,0,0,9234222
0,1,0,0,0,0,9234224
1,0,0,0,0,0,9234501
0,0,1,0,0,0,9234507
0,0,0,1,0,0,9234680
0,0,0,1,0,0,9234681
0,0,0,1,0,0,9234843
0,0,0,1,0,0,9234933
0,0,0,1,0,0,9234934
0,0,0,1,0,0,9235236
0,0,0,1,0,0,9236194
0,0,0,1,0,0,9236195
0,0,0,1,0,0,9236503
0,0,0,1,0,0,9236505
0,0,0,1,0,0,9236506
0,0,0,1,0,0,9236509
0,0,0,1,0,0,9236513
0,0,0,1,0,0,9236515
0,0,0,1,0,0,9236516
0,0,0,1,0,0,9236517
0,0,0,1,0,0,9236553
0,0,0,1,0,0,9236637
0,0,0,1,0,0,9236638
0,0,0,0,1,0,9236646
0,0,0,1,0,0,9236751
0,0,0,1,0,0,9238413
0,0,0,1,0,0,9238509
0,1,0,0,0,0,9238583
0,0,0,1,0,0,9238598
0,1,0,0,0,0,9238779
0,1,0,0,0,0,9238783
0,1,0,0,0,0,9238792
0,1,0,0,0,0,9238827
0,1,0,0,0,0,9238845
0,0,1,0,0,0,9238851
0,0,0,1,0,0,9239171
0,0,0,1,0,0,9239272
0,0,0,1,0,0,9239444
0,0,0,1,0,0,9240112
0,0,0,1,0,0,9240338
0,0,0,1,0,0,9240499
0,0,0,1,0,0,9240500
0,0,0,1,0,0,9240501
0,0,0,1,0,0,9240504
0,0,0,1,0,0,9240507
0,0,0,1,0,0,9240508
0,0,0,1,0,0,9240509
0,0,0,1,0,0,9240510
0,0,0,1,0,0,9240515
0,0,1,0,0,0,9241426
0,1,0,0,0,0,9241471
0,0,0,1,0,0,9241600
1,0,0,0,0,0,9242205
0,1,0,0,0,0,9242222
0,0,0,1,0,0,9242554
0,1,0,0,0,0,9242881
0,1,0,0,0,0,9242907
0,1,0,0,0,0,9242912
0,1,0,0,0,0,9242913
0,1,0,0,0,0,9242915
0,1,0,0,0,0,9242952
0,1,0,0,0,0,9243128
0,1,0,0,0,0,9243303
0,0,0,1,0,0,9243340
0,1,0,0,0,0,9243364
0,0,0,1,0,0,9243609
0,0,1,1,0,0,9243616
0,0,0,1,0,0,9243816
0,0,0,1,0,0,9243818
0,0,0,1,0,0,9244261
0,0,0,1,0,0,9245663
0,0,0,1,0,0,9245692
0,0,0,1,0,0,9245758
0,0,0,1,0,0,9246025
0,0,0,1,0,0,9246026
0,0,0,1,0,0,9246027
0,0,0,1,0,0,9246028
0,0,0,1,0,0,9246029
0,0,0,1,0,0,9246030
0,0,0,1,0,0,9246032
0,0,0,1,0,0,9246033
0,0,0,1,0,0,9246034
0,0,0,1,0,0,9246039
0,0,0,1,0,0,9246040
0,0,0,1,0,0,9246042
0,0,0,1,0,0,9246046
0,0,0,1,0,0,9246104
0,0,0,1,0,0,9246106
0,0,0,1,0,0,9246115
0,0,0,1,0,0,9246331
0,0,0,1,0,0,9246334
0,0,0,1,0,0,9246354
0,0,0,1,0,0,9246397
0,0,0,1,0,0,9246433
0,0,0,0,1,0,9247992
0,0,0,1,0,0,9249016
0,1,0,0,0,0,9249018
0,1,0,1,0,0,9249026
1,0,0,0,0,0,9249064
0,1,0,0,0,0,9249235
0,0,0,1,0,0,9249319
0,1,0,0,0,0,9249358
0,1,0,0,0,0,9249362
0,1,0,0,0,0,9249368
0,1,0,0,0,0,9249432
0,1,0,0,0,0,9249442
0,1,0,0,0,0,9249474
0,0,0,1,0,1,9249650
1,0,0,0,0,0,9249757
0,0,0,1,0,0,9249785
0,0,1,0,0,0,9249786
0,0,0,1,0,0,9249989
0,0,0,1,0,0,9249990
0,0,0,1,0,0,9249991
0,0,0,1,0,0,9249993
0,0,0,1,0,0,9250015
0,0,0,1,0,0,9250224
0,0,1,0,0,0,9250351
0,0,0,1,0,0,9251543
0,0,0,1,0,0,9251962
0,0,0,1,0,0,9251963
0,0,0,1,0,0,9251964
0,0,0,1,0,0,9251965
0,0,0,1,0,0,9252294
0,0,0,1,0,0,9252295
0,0,0,1,0,0,9252299
0,0,0,1,0,0,9252300
0,0,0,1,0,0,9252301
0,0,0,1,0,0,9252307
0,0,0,1,0,0,9252308
0,0,0,1,0,0,9252309
0,0,0,1,0,0,9252311
0,0,0,1,0,0,9252312
0,0,0,1,0,0,9252313
0,0,0,1,0,0,9252314
0,0,0,1,0,0,9252315
0,0,0,1,0,0,9252316
0,0,0,1,0,0,9252319
0,0,0,1,0,0,9252320
0,0,0,1,0,0,9252374
0,0,0,1,0,0,9252571
0,0,0,1,0,0,9252598
0,0,0,1,0,0,9252680
1,0,0,1,0,0,9252701
0,0,0,1,0,0,9252702
0,0,0,0,1,0,9254172
0,1,0,0,0,0,9254449
0,1,0,0,0,0,9254451
0,1,0,0,0,0,9254461
0,1,0,0,0,0,9254607
0,1,0,0,0,0,9255169
0,1,0,0,0,0,9255189
0,1,0,0,0,0,9255218
0,1,0,0,0,0,9255225
0,1,0,0,0,0,9255231
0,1,0,0,0,0,9255301
0,0,0,1,0,0,9255569
0,0,0,1,0,0,9255675
0,0,0,1,0,0,9255725
0,0,0,1,0,0,9255840
1,0,0,0,0,0,9255869
0,0,0,1,0,0,9256018
0,0,0,1,0,0,9257236
0,0,0,1,0,0,9257237
0,0,0,1,0,0,9257284
0,0,0,1,0,0,9257575
0,0,0,1,0,0,9257578
0,0,0,1,0,0,9257583
0,0,0,1,0,0,9257584
0,0,0,1,0,0,9257586
0,0,0,1,0,0,9257592
0,0,0,1,0,0,9257847
0,0,0,1,0,0,9257892
0,0,0,1,0,0,9257916
0,0,0,1,0,0,9257937
0,0,0,1,0,0,9257938
0,0,0,0,1,0,9259268
1,0,0,1,0,0,9259662
0,0,0,1,0,0,9260556
0,1,0,0,0,0,9260675
0,1,0,0,0,0,9260695
0,1,0,0,0,0,9260731
0,1,0,0,0,0,9260735
0,0,0,1,0,0,9260915
0,0,0,0,1,0,9261070
0,0,0,1,0,0,9261294
0,0,0,1,0,0,9261628
0,0,0,1,0,0,9261630
0,0,0,1,0,0,9261659
0,0,0,1,0,0,9263169
0,0,0,1,0,0,9263519
0,0,0,1,0,0,9263600
0,0,0,1,0,0,9263601
0,0,0,1,0,0,9263602
0,0,0,1,0,0,9263603
0,0,0,1,0,0,9263605
0,0,0,1,0,0,9263609
0,0,0,1,0,0,9263610
0,0,0,1,0,0,9263611
0,0,0,1,0,0,9263612
0,0,0,1,0,0,9263615
0,0,0,1,0,0,9263620
0,0,0,1,0,0,9263622
0,0,0,1,0,0,9263624
0,0,0,1,0,0,9263625
0,0,0,1,0,0,9263678
0,0,0,1,0,0,9263688
0,0,0,1,0,0,9263986
0,0,0,1,0,0,9265124
0,1,0,0,0,0,9265284
0,1,0,0,0,0,9266113
0,1,0,0,0,0,9267090
0,1,0,0,0,0,9267102
0,1,0,0,0,0,9267146
0,0,0,1,0,0,9267207
0,0,0,1,0,0,9267468
0,0,0,1,0,0,9267709
0,0,0,1,0,0,9267710
0,0,0,1,0,0,9267711
0,0,0,1,0,0,9268158
0,0,0,1,0,0,9269282
0,0,0,1,0,0,9269581
0,0,0,1,0,0,9269748
0,0,0,1,0,0,9269839
0,0,0,1,0,0,9269840
0,0,0,1,0,0,9269841
0,0,0,1,0,0,9269851
0,0,0,1,0,0,9269904
0,0,0,1,0,0,9269916
0,0,0,1,0,0,9269989
1,0,0,1,0,0,9270164
0,0,0,1,0,0,9270201
0,0,0,1,0,0,9270225
0,0,0,1,0,0,9271453
0,0,0,0,1,0,9271791
0,1,0,0,0,0,9272239
0,1,0,0,0,0,9272288
0,0,0,1,0,0,9272352
0,1,0,0,0,0,9272468
0,0,0,1,0,0,9272497
0,0,0,1,0,0,9272783
0,0,0,1,0,0,9272909
0,1,0,0,0,0,9272912
1,0,0,0,0,0,9272930
0,1,0,0,0,0,9272976
0,1,0,0,0,0,9273158
0,1,0,0,0,0,9273180
0,0,0,1,0,0,9273181
0,1,0,0,0,0,9273280
0,1,0,0,0,0,9273329
0,1,0,0,0,0,9273330
0,0,0,1,0,0,9273672
0,0,0,1,0,0,9273840
0,0,1,1,0,0,9273866
0,0,0,1,0,0,9273883
0,0,0,1,0,0,9273884
0,0,0,1,0,0,9274045
0,0,0,1,0,0,9274266
0,0,0,1,0,0,9274306
0,0,0,1,0,0,9275391
0,0,0,1,0,0,9275772
0,0,0,1,0,0,9276148
0,0,0,1,0,0,9276149
0,0,0,1,0,0,9276151
0,0,0,1,0,0,9276153
0,0,0,1,0,0,9276155
0,0,0,1,0,0,9276156
0,0,0,1,0,0,9276163
0,0,0,1,0,0,9276215
0,0,0,1,0,0,9276223
0,0,0,1,0,0,9276402
0,0,0,1,0,0,9276403
0,0,0,1,0,0,9276409
0,0,0,1,0,0,9276412
1,0,0,0,0,0,9276418
0,0,0,1,0,0,9276432
0,0,0,1,0,0,9276519
0,0,0,1,0,0,9276520
0,0,0,1,0,0,9276521
1,0,0,0,0,0,9277497
1,1,0,0,0,0,9278327
0,1,0,0,0,0,9278379
0,0,0,1,0,0,9278617
0,1,0,0,0,0,9278896
0,1,0,0,0,0,9279113
0,1,0,0,0,0,9279135
0,1,0,0,0,0,9279162
0,0,0,1,0,0,9279176
0,0,0,1,0,0,9279188
0,1,0,0,0,0,9279190
0,0,0,1,0,0,9279415
0,0,0,1,0,0,9279416
0,0,0,1,0,0,9279417
0,0,0,1,0,0,9279457
0,0,0,1,0,0,9279601
0,0,0,1,0,0,9279602
0,0,0,1,0,0,9279790
0,0,0,1,0,0,9279910
0,0,0,1,0,0,9279914
0,0,0,1,0,0,9280042
0,0,0,1,0,0,9280797
0,0,0,1,0,0,9281131
0,0,0,1,0,0,9281132
0,0,0,1,0,0,9281419
0,0,0,1,0,0,9281426
0,0,0,1,0,0,9281429
0,0,0,1,0,0,9281430
0,0,0,1,0,0,9281431
0,0,0,1,0,0,9281432
0,0,0,1,0,0,9281435
0,0,0,1,0,0,9281436
0,1,0,0,0,0,9283537
0,1,0,0,0,0,9283551
0,0,0,1,0,0,9284069
0,1,0,0,0,0,9284115
0,1,0,0,0,0,9284204
0,1,0,0,0,0,9284242
0,1,0,0,0,0,9284503
0,1,0,0,0,0,9284504
0,1,0,0,0,0,9284566
0,1,0,0,0,0,9284582
0,1,0,0,0,0,9284614
0,1,0,0,0,0,9284615
0,1,0,0,0,0,9284616
0,0,0,1,0,0,9284639
0,0,0,1,0,0,9284656
0,0,0,1,0,0,9284661
0,0,0,0,1,0,9284940
0,0,0,1,0,0,9284951
0,0,1,0,0,0,9284952
1,0,0,0,0,0,9285112
0,0,0,1,0,0,9285139
0,0,0,1,0,0,9285144
0,0,0,1,0,0,9285816
0,0,0,1,0,0,9286646
0,0,0,1,0,0,9286813
0,0,0,1,0,0,9287052
0,0,0,1,0,0,9287056
0,0,0,1,0,0,9287057
0,0,0,1,0,0,9287419
0,0,0,1,0,0,9287420
0,0,0,1,0,0,9287421
0,0,0,1,0,0,9287422
0,0,0,1,0,0,9287424
0,0,0,1,0,0,9287427
0,0,0,1,0,0,9287429
0,0,0,1,0,0,9287430
0,0,0,1,0,0,9287431
0,0,0,1,0,0,9287437
0,0,0,1,0,0,9287438
0,0,0,1,0,0,9287439
0,0,0,1,0,0,9287551
0,0,0,1,0,0,9287701
0,0,0,1,0,0,9287801
0,1,0,0,0,0,9289011
0,0,1,1,0,1,9289696
0,0,0,1,0,0,9290258
0,0,0,1,0,0,9290398
0,1,0,0,0,0,9290429
0,1,0,0,0,0,9290612
0,1,0,0,0,0,9290613
0,1,0,0,0,0,9290614
0,1,0,0,0,0,9290704
0,1,0,0,0,0,9290707
0,1,0,0,0,0,9290768
0,1,0,0,0,0,9290780
0,1,0,0,0,0,9290784
0,1,0,0,0,0,9290802
0,1,0,0,0,0,9290821
0,0,0,1,0,0,9290852
0,0,1,0,0,0,9291286
0,0,0,1,0,0,9291365
0,0,0,1,0,0,9291366
0,0,0,1,0,0,9291367
0,0,0,1,0,0,9291368
0,0,0,1,0,0,9291370
0,0,0,1,0,0,9291494
0,0,0,1,0,0,9291696
1,0,0,0,0,0,9293265
0,0,0,1,0,0,9293327
0,0,0,1,0,0,9293553
0,0,0,1,0,0,9293607
0,0,0,1,0,0,9293609
0,0,0,1,0,0,9293610
0,0,0,1,0,0,9293611
0,0,0,1,0,0,9293613
0,0,0,1,0,0,9293614
0,0,0,1,0,0,9293616
0,0,0,1,0,0,9293618
0,0,0,1,0,0,9293619
0,0,0,1,0,0,9293620
0,0,0,1,0,0,9293621
0,0,0,1,0,0,9293623
0,0,0,1,0,0,9293624
0,0,0,1,0,0,9293632
0,0,0,1,0,0,9293633
0,0,0,1,0,0,9293635
0,0,0,1,0,0,9293636
0,0,0,1,0,0,9293707
0,0,0,1,0,0,9293720
0,0,0,1,0,0,9293915
0,0,0,1,0,1,9293947
0,0,0,1,0,0,9293948
0,0,0,1,0,0,9294032
0,0,0,1,0,0,9294033
0,0,0,1,0,0,9294034
0,1,0,0,0,0,9295205
0,1,0,0,0,0,9295274
0,1,0,0,0,0,9296131
0,1,0,0,0,0,9296830
0,0,0,1,0,0,9296848
0,0,0,1,0,0,9296864
0,0,0,1,0,0,9296899
0,0,1,0,0,0,9296940
0,1,0,0,0,0,9296962
0,1,0,0,0,0,9296985
0,1,0,0,0,0,9297020
0,1,0,0,0,0,9297021
0,0,0,0,1,0,9297240
0,0,1,1,0,0,9297366
0,0,1,1,0,0,9297367
0,1,0,0,0,0,9297530
0,0,0,1,0,0,9297554
0,0,0,1,0,0,9297555
0,0,0,1,0,0,9297556
0,0,0,1,0,0,9297557
0,0,1,0,0,0,9297591
0,1,0,0,0,0,9297776
0,0,0,1,0,0,9297879
0,1,0,0,0,0,9298174
0,0,0,1,0,0,9299503
0,0,0,1,0,0,9299504
0,0,0,1,0,0,9299565
0,0,0,1,0,0,9299863
0,0,0,1,0,0,9299866
0,0,0,1,0,0,9299871
0,0,0,1,0,0,9299875
0,0,0,1,0,0,9300133
0,0,0,1,0,0,9300139
1,0,0,0,0,0,9300141
0,0,0,1,0,0,9300153
0,0,0,1,0,0,9300169
0,0,0,1,0,0,9300170
0,0,0,1,0,0,9300224
0,0,0,1,0,0,9300225
0,0,0,1,0,0,9300226
0,0,0,1,0,0,9301340
0,0,0,1,0,0,9301442
0,1,0,0,0,0,9301452
0,0,0,1,0,0,9301659
1,0,0,0,0,0,9302250
1,0,0,1,0,0,9302590
0,0,0,1,0,0,9302792
0,1,0,0,0,0,9302966
0,1,0,0,0,0,9303127
0,1,0,0,0,0,9303213
0,1,0,0,0,0,9303242
0,1,0,0,0,0,9303265
0,1,0,0,0,0,9303269
0,0,0,1,0,0,9303407
0,0,0,1,0,1,9303622
0,0,1,0,0,0,9303629
0,0,0,1,0,0,9303890
0,0,0,1,0,0,9303899
0,0,0,1,0,0,9303960
0,0,0,1,0,0,9304161
0,0,0,1,0,0,9305713
0,0,0,1,0,0,9305714
0,0,0,1,0,0,9305715
0,0,0,1,0,0,9306081
0,0,0,1,0,0,9306083
0,0,0,1,0,0,9306084
0,0,0,1,0,0,9306085
0,0,0,1,0,0,9306086
0,0,0,1,0,0,9306088
0,0,0,1,0,0,9306089
0,0,0,1,0,0,9306092
0,0,0,1,0,0,9306093
0,0,0,1,0,0,9306095
0,0,0,1,0,0,9306100
0,0,0,1,0,0,9306101
0,0,0,1,0,0,9306102
0,0,0,1,0,0,9306103
0,0,0,1,0,0,9306105
0,0,0,1,0,0,9306106
0,0,0,1,0,0,9306107
0,0,0,1,0,0,9306414
0,0,0,1,0,0,9306471
0,0,0,1,0,0,9307650
0,1,0,0,0,0,9307782
1,0,0,0,0,1,9308969
0,1,0,0,0,0,9309115
0,1,0,0,0,0,9309121
0,0,0,1,0,0,9309124
0,1,0,0,0,0,9309332
0,1,0,0,0,0,9309444
0,1,0,0,0,0,9309452
0,1,0,0,0,0,9309471
0,1,0,0,0,0,9309474
0,1,0,0,0,0,9309538
0,1,0,0,0,0,9309545
0,1,0,0,0,0,9309548
0,1,0,0,0,0,9309577
0,1,0,0,0,0,9309621
0,0,0,0,1,0,9309860
0,0,0,1,0,0,9309869
0,0,0,1,0,0,9310099
0,0,0,1,0,0,9310100
0,0,0,1,0,0,9310101
0,0,0,1,0,0,9310102
0,0,0,1,0,0,9310138
0,0,0,1,0,0,9310249
0,0,0,1,0,0,9310822
0,0,0,1,0,0,9312042
0,0,0,1,0,0,9312045
0,0,0,1,0,0,9312399
0,0,0,1,0,0,9312404
0,0,0,1,0,0,9312405
0,0,0,1,0,0,9312406
0,0,0,1,0,0,9312409
0,0,0,1,0,0,9312412
0,0,0,1,0,0,9312413
0,0,0,1,0,0,9312419
0,0,0,1,0,0,9312420
0,0,0,1,0,0,9312425
0,0,0,1,0,0,9312426
0,0,0,1,0,0,9312697
1,0,1,0,0,1,9312698
0,0,0,1,0,0,9312724
0,0,0,1,0,0,9312804
0,0,0,1,0,0,9312805
0,0,0,1,0,0,9314770
0,0,0,1,0,0,9314811
0,0,0,1,0,0,9315088
0,0,0,1,0,0,9315267
0,1,0,0,0,0,9315434
0,0,0,1,0,0,9315516
1,0,0,0,0,0,9315735
0,1,0,0,0,0,9315739
0,1,0,0,0,0,9315746
0,1,0,0,0,0,9315750
0,1,0,0,0,0,9315833
0,1,0,0,0,0,9315834
0,1,0,0,0,0,9315838
0,1,0,0,0,0,9315840
0,1,0,0,0,0,9315845
1,0,0,0,0,0,9315910
0,0,0,1,0,0,9316010
0,0,0,1,0,0,9316124
0,0,0,1,0,0,9316404
0,0,0,1,0,0,9316414
0,0,0,1,0,0,9316415
0,0,0,1,0,0,9316416
0,0,0,1,0,0,9318270
0,0,0,1,0,0,9318295
0,0,0,1,0,0,9318625
0,0,0,1,0,0,9318626
0,0,0,1,0,0,9318632
0,0,0,1,0,0,9318634
0,0,0,1,0,0,9318635
0,0,0,1,0,0,9318637
0,0,0,1,0,0,9318643
0,0,0,1,0,0,9318644
0,0,0,1,0,0,9318707
0,0,0,1,0,0,9318905
0,0,0,1,0,0,9318994
0,0,0,1,0,0,9318996
0,0,0,1,0,0,9320926
0,1,0,0,0,0,9320987
0,1,0,0,0,0,9321056
0,0,0,1,0,0,9321352
0,0,0,1,0,0,9321583
0,1,0,0,0,0,9321850
0,0,0,1,0,0,9321943
0,1,0,0,0,0,9322038
0,1,0,0,0,0,9322072
1,1,0,0,0,0,9322133
0,1,0,0,0,0,9322134
0,0,1,0,0,0,9322258
0,0,0,1,0,0,9322437
0,0,0,1,0,0,9322573
0,0,0,1,0,0,9322574
0,0,0,1,0,0,9322575
0,0,0,1,0,0,9322786
0,0,0,1,0,0,9322951
0,0,0,1,0,0,9324473
0,0,0,1,0,0,9324504
0,0,0,1,0,0,9324505
0,0,0,1,0,0,9324770
0,0,0,1,0,0,9324885
0,0,0,1,0,0,9324886
0,0,0,1,0,0,9324887
0,0,0,1,0,0,9324888
0,0,0,1,0,0,9324890
0,0,0,1,0,0,9324891
0,0,0,1,0,0,9324893
0,0,0,1,0,0,9324894
0,0,0,1,0,0,9324895
0,0,0,1,0,0,9324896
0,0,0,1,0,0,9324898
0,0,0,1,0,0,9324899
0,0,0,1,0,0,9324901
0,0,0,1,0,1,9325173
0,0,0,1,0,0,9325364
0,0,0,1,0,0,9326497
0,0,1,0,0,0,9327207
0,1,0,0,0,0,9327208
1,0,0,1,0,0,9327816
0,1,0,0,0,0,9328021
0,1,0,0,0,0,9328032
0,1,0,0,0,0,9328045
0,0,0,1,0,0,9328109
0,1,0,0,0,0,9328188
0,0,0,1,0,0,9328194
0,0,0,1,0,0,9328203
0,0,0,1,0,0,9328204
0,1,0,0,0,0,9328290
0,1,0,0,0,0,9328310
0,1,0,0,0,0,9328311
0,1,0,0,0,0,9328353
0,1,0,0,0,0,9328365
0,1,0,0,0,0,9328393
0,0,0,1,0,0,9328426
0,0,0,1,0,0,9328427
0,0,0,1,0,0,9328601
0,0,0,1,0,0,9328659
1,0,0,0,0,0,9328720
0,0,0,1,0,0,9328906
0,0,0,1,0,0,9328942
0,0,0,1,0,0,9329308
0,0,0,1,0,0,9329600
0,0,0,1,0,0,9330854
0,0,0,1,0,0,9330986
0,0,0,1,0,0,9331213
0,0,0,1,0,0,9331216
0,0,0,1,0,0,9331217
0,0,0,1,0,0,9331218
0,0,0,1,0,0,9331220
0,0,0,1,0,0,9331223
0,0,0,1,0,0,9331225
0,0,0,1,0,0,9331228
0,0,0,1,0,0,9331229
0,0,0,1,0,0,9331258
0,0,0,1,0,0,9331292
0,0,0,1,0,0,9331488
0,0,0,1,0,0,9331489
0,0,0,1,0,0,9331499
0,0,0,1,0,0,9331521
0,0,1,0,0,0,9331547
0,1,0,0,0,0,9333221
0,1,0,0,0,0,9333468
0,1,0,0,0,0,9333474
0,1,0,0,0,0,9333494
0,1,0,0,0,0,9334363
0,1,0,0,0,0,9334453
0,0,0,1,0,0,9334472
0,1,0,0,0,0,9334515
0,1,0,0,0,0,9334518
0,1,0,0,0,0,9334545
0,0,0,1,0,0,9334853
0,0,0,0,1,0,9334860
0,0,0,1,0,0,9335013
0,0,0,1,0,0,9335015
0,1,0,0,0,0,9335043
0,0,0,1,0,0,9335068
0,0,0,1,0,0,9335069
0,0,0,1,0,0,9335130
0,0,0,1,0,0,9335440
0,0,0,1,0,0,9335530
0,0,0,1,0,0,9336639
0,0,0,1,0,0,9336677
0,0,0,1,0,0,9336957
0,0,0,1,0,0,9337012
0,0,0,1,0,0,9337357
0,0,0,1,0,0,9337359
0,0,0,1,0,0,9337360
0,0,0,1,0,0,9337363
0,0,0,1,0,0,9337369
0,0,0,1,0,0,9337373
0,0,0,1,0,0,9337379
0,0,0,1,0,0,9337435
0,0,0,1,0,0,9337517
0,0,0,1,0,0,9337682
0,0,0,1,0,0,9337770
0,0,0,1,0,0,9337771
0,0,0,1,0,0,9337924
0,0,0,1,0,0,9339114
0,0,0,1,0,0,9339870
0,1,0,0,0,0,9340468
0,1,0,0,0,0,9340476
0,1,0,0,0,0,9340623
0,1,0,0,0,0,9340674
0,1,0,0,0,0,9340675
0,1,0,0,0,0,9340735
0,1,0,0,0,0,9340741
0,1,0,0,0,0,9340768
0,0,0,1,0,0,9340867
0,0,0,0,1,0,9341050
0,0,1,0,0,0,9341400
0,0,0,1,0,0,9341580
0,0,0,1,0,0,9342967
0,0,0,1,0,0,9343194
0,0,0,1,0,0,9343216
0,0,0,1,0,0,9343378
0,0,0,1,0,0,9343591
0,0,0,1,0,0,9343594
0,0,0,1,0,0,9343595
0,0,0,1,0,0,9343598
0,0,0,1,0,0,9343599
0,0,0,1,0,0,9343602
0,0,0,1,0,0,9343603
0,0,0,1,0,0,9343604
0,0,0,1,0,0,9343605
0,0,0,1,0,0,9343606
0,0,0,1,0,0,9343609
0,0,0,1,0,0,9343686
1,0,0,0,0,0,9343735
0,0,0,1,0,0,9343906
0,0,0,1,0,0,9343926
0,0,0,1,0,0,9344030
0,0,0,1,0,0,9344032
0,1,0,0,0,0,9345730
0,0,0,1,0,0,9346397
0,0,0,1,0,0,9346563
0,0,0,1,0,0,9346566
0,1,0,0,0,0,9346730
0,1,0,0,0,0,9346731
0,1,0,0,0,0,9346863
0,1,0,0,0,0,9347011
0,1,0,0,0,0,9347030
0,1,0,0,0,0,9347074
0,0,0,1,0,0,9347141
0,1,0,0,0,0,9347176
0,1,0,0,0,0,9347177
0,1,0,0,0,0,9347178
1,0,0,0,0,0,9347436
0,1,0,0,0,0,9347661
0,0,0,1,0,0,9347685
0,0,0,1,0,0,9347686
0,0,0,1,0,0,9347687
1,0,0,1,0,1,9347689
0,0,0,1,0,0,9347690
0,0,0,1,0,0,9347692
0,0,0,1,0,0,9347693
0,0,0,1,0,0,9347713
0,0,0,1,0,0,9347827
1,0,0,0,0,0,9348394
0,0,0,1,0,0,9349540
0,0,0,1,0,0,9349541
0,0,0,1,0,0,9349882
0,0,0,1,0,0,9349883
0,0,0,1,0,0,9349884
0,0,0,1,0,0,9349885
0,0,0,1,0,0,9349887
0,0,0,1,0,0,9349888
0,0,0,1,0,0,9349890
0,0,0,1,0,0,9349892
0,0,0,1,0,0,9349894
0,0,0,1,0,0,9349895
0,0,0,1,0,0,9349896
0,0,0,1,0,0,9349897
0,0,0,1,0,0,9349899
0,0,0,1,0,0,9349901
0,0,0,1,0,0,9349905
0,0,0,1,0,0,9349907
0,0,0,1,0,0,9349967
0,0,0,1,0,0,9349971
0,0,0,1,0,0,9349973
0,0,0,1,0,0,9349995
1,0,0,0,0,0,9350166
0,0,0,1,0,0,9350185
0,0,0,1,0,0,9350290
0,0,0,1,0,0,9350955
1,0,0,0,0,0,9351170
1,0,1,0,0,0,9351430
0,1,0,0,0,0,9352253
0,1,0,0,0,0,9352294
0,1,0,0,0,0,9352304
0,1,0,0,0,0,9352329
0,0,0,1,0,0,9352389
0,0,0,1,0,0,9352887
0,0,0,1,0,0,9352970
0,1,0,0,0,0,9353031
0,0,0,1,0,0,9353125
0,1,0,0,0,0,9353140
0,0,0,1,0,0,9353268
0,1,0,0,0,0,9353314
0,1,0,0,0,0,9353344
0,1,0,0,0,0,9353348
0,1,0,0,0,0,9353478
0,0,0,1,0,0,9353938
0,1,0,0,0,0,9353944
0,0,0,1,0,0,9353971
0,0,0,1,0,0,9353972
0,0,0,1,0,0,9353973
0,0,0,1,0,0,9353974
0,0,0,1,0,0,9354614
0,0,0,1,0,0,9354682
0,0,0,1,0,0,9355788
0,0,0,1,0,0,9355867
0,0,0,1,0,0,9355873
0,0,0,1,0,0,9356162
0,0,0,1,0,0,9356168
0,0,0,1,0,0,9356172
0,0,0,1,0,0,9356176
0,0,0,1,0,0,9356179
0,0,0,1,0,0,9356180
0,0,0,1,0,0,9356182
0,0,0,1,0,0,9356184
0,0,0,1,0,0,9356218
0,0,0,1,0,0,9356537
0,1,0,0,0,0,9358520
0,1,0,0,0,0,9358553
0,1,0,0,0,0,9359214
0,1,0,0,0,0,9359268
0,1,0,0,0,0,9359319
0,0,0,1,0,0,9359334
0,0,0,1,0,0,9359470
0,1,0,0,0,0,9359556
0,1,0,0,0,0,9359557
0,1,0,0,0,0,9359580
0,1,0,0,0,0,9359619
0,1,0,0,0,0,9359620
0,1,0,0,0,0,9359650
0,1,0,0,0,0,9359651
0,0,0,1,0,0,9359704
0,0,0,1,0,0,9359768
0,0,0,1,0,0,9359953
0,1,0,1,0,0,9360234
0,0,0,1,0,0,9360235
0,0,1,0,0,0,9360236
0,0,0,1,0,0,9360597
0,0,0,1,0,0,9362015
0,0,0,1,0,0,9362017
0,0,0,1,0,0,9362376
0,0,0,1,0,0,9362425
0,0,0,1,0,0,9362427
0,0,0,1,0,0,9362430
0,0,0,1,0,0,9362434
0,0,0,1,0,0,9362435
0,0,0,1,0,0,9362437
0,0,0,1,0,0,9362440
0,0,0,1,0,0,9362442
0,0,0,1,0,0,9362443
0,0,0,1,0,0,9362508
0,0,0,1,0,0,9362752
0,0,0,1,0,0,9362863
0,0,0,1,0,0,9363984
0,1,0,0,0,0,9364004
0,1,0,0,0,0,9364015
0,0,0,1,0,0,9364808
0,1,0,0,0,0,9364812
0,0,0,1,0,0,9364959
0,0,0,1,0,0,9365447
0,1,0,0,0,0,9365461
0,1,0,0,0,0,9365525
0,0,0,1,0,0,9365679
0,1,0,0,0,0,9365776
0,1,0,1,0,0,9365812
0,0,0,1,0,0,9366456
0,0,0,1,0,0,9366457
0,0,0,1,0,0,9366458
0,0,0,1,0,0,9366714
0,0,0,1,0,0,9366783
0,0,0,1,0,0,9367043
0,0,0,1,0,0,9368286
0,0,0,1,0,0,9368287
0,0,0,1,0,0,9368289
0,0,0,1,0,0,9368651
0,0,0,1,0,0,9368655
0,0,0,1,0,0,9368656
0,0,0,1,0,0,9368657
0,0,0,1,0,0,9368659
0,0,0,1,0,0,9368662
0,0,0,1,0,0,9368663
0,0,0,1,0,0,9368664
0,0,0,1,0,0,9368665
0,0,0,1,0,0,9368666
0,0,0,1,0,0,9368671
0,0,0,1,0,0,9368677
0,0,0,1,0,0,9368729
0,0,0,1,0,0,9368965
1,0,0,0,0,0,9368971
0,0,0,1,0,0,9368983
0,0,0,1,0,0,9368987
0,0,0,1,0,1,9369082
0,0,0,1,0,0,9369083
0,0,0,1,0,0,9369084
0,0,0,1,0,0,9369126
0,0,0,1,0,0,9371226
0,1,0,0,0,0,9371258
0,1,0,0,0,0,9371488
0,1,0,0,0,0,9371520
0,1,0,0,0,0,9371535
0,1,0,0,0,0,9371538
0,1,0,0,0,0,9371545
0,1,0,0,0,0,9371547
0,1,0,0,0,0,9371549
0,1,0,0,0,0,9371550
0,0,1,0,0,0,9371722
0,0,0,1,0,0,9371978
0,0,0,1,0,0,9372013
0,0,0,1,0,0,9372534
0,0,0,1,0,0,9373495
0,0,0,1,0,0,9373666
0,0,0,1,0,0,9373729
0,0,0,1,0,0,9373731
0,0,0,1,0,0,9373734
0,0,0,1,0,0,9373735
0,0,0,1,0,0,9373737
0,0,0,1,0,0,9373738
0,0,0,1,0,0,9373739
0,0,0,1,0,0,9373740
0,0,0,1,0,0,9373741
0,0,0,1,0,0,9373743
0,0,0,1,0,0,9373769
0,0,0,1,0,0,9373958
0,0,0,1,0,0,9373959
0,0,0,1,0,0,9374034
0,0,0,0,1,0,9375276
0,1,0,0,0,0,9375703
0,0,0,1,0,0,9375799
0,1,0,0,0,0,9376355
0,1,0,0,0,0,9376411
0,1,0,0,0,0,9376451
0,1,0,0,0,0,9376501
0,0,0,1,0,0,9376567
0,1,0,0,0,0,9376624
0,1,0,0,0,0,9376628
0,1,0,0,0,0,9376692
0,1,0,0,0,0,9376693
0,1,0,0,0,0,9376697
0,0,1,0,0,0,9376885
0,0,0,1,0,0,9377215
0,0,0,1,0,0,9377216
0,0,0,1,0,0,9377218
0,0,0,1,0,0,9377246
0,0,0,1,0,0,9377631
0,0,0,1,0,0,9377765
0,0,0,1,0,0,9378446
0,0,0,1,0,0,9378947
0,0,0,1,0,0,9378957
0,0,0,1,0,0,9379258
0,0,0,1,0,0,9379260
0,0,0,1,0,0,9379261
0,0,0,1,0,0,9379263
0,0,0,1,0,0,9379266
0,0,0,1,0,0,9379267
0,0,0,1,0,0,9379268
0,0,0,1,0,0,9379269
0,0,0,1,0,0,9379270
0,0,0,1,0,0,9379274
0,0,0,1,0,0,9379277
0,0,0,1,0,0,9379331
1,0,0,0,0,0,9379543
1,0,0,0,0,0,9379546
0,0,0,1,0,1,9379550
0,0,0,1,0,0,9379641
0,0,0,1,0,0,9379660
0,0,0,1,0,0,9379661
0,1,0,0,0,0,9380694
0,0,0,1,0,0,9380721
0,0,0,1,0,0,9380724
0,1,0,0,0,0,9381490
0,0,0,1,0,0,9381726
0,1,0,0,0,0,9382066
0,0,0,1,0,0,9382132
0,1,0,0,0,1,9382165
0,1,0,0,0,0,9382185
0,1,0,0,0,0,9382283
0,0,0,1,0,0,9382424
0,0,0,1,0,0,9382474
0,1,0,0,0,0,9382482
0,1,0,0,0,0,9382489
0,1,0,0,0,0,9382593
0,0,0,1,0,0,9382752
0,0,0,1,0,0,9383122
0,0,0,1,0,0,9383321
0,0,0,1,0,0,9384902
0,0,0,1,0,0,9385165
0,0,0,1,0,0,9385169
0,0,0,1,0,0,9385247
0,0,0,1,0,0,9385248
0,0,0,1,0,0,9385253
0,0,0,1,0,0,9385254
0,0,0,1,0,0,9385255
0,0,0,1,0,0,9385256
0,0,0,1,0,0,9385259
0,0,0,1,0,0,9385260
0,0,0,1,0,0,9385261
0,0,0,1,0,0,9385281
0,0,1,1,0,0,9385292
0,0,0,1,0,0,9385326
0,0,0,0,1,0,9387002
0,1,0,0,0,0,9387415
0,1,0,0,0,0,9387454
0,1,0,0,0,0,9388046
0,1,0,0,0,0,9388091
0,1,0,0,0,0,9388151
0,1,0,0,0,0,9388251
0,1,0,0,0,0,9388351
0,1,0,0,0,0,9388352
0,1,0,0,0,0,9388355
0,1,0,0,0,0,9388364
0,1,0,0,0,0,9388422
0,1,0,0,0,0,9388432
0,1,0,0,0,0,9388442
0,0,0,1,0,0,9388499
0,1,0,0,0,0,9388528
0,0,1,0,0,0,9388797
0,0,0,1,0,0,9389002
0,0,0,1,0,0,9389008
0,0,0,1,0,0,9389273
1,0,0,0,0,0,9389630
0,0,0,1,0,0,9389632
0,0,0,1,0,0,9390571
0,0,0,1,0,0,9390864
0,0,0,1,0,0,9391215
0,0,0,1,0,0,9391217
0,0,0,1,0,0,9391221
0,0,0,1,0,0,9391224
0,0,0,1,0,0,9391228
0,0,0,1,0,0,9391230
0,0,0,1,0,0,9391414
0,0,0,1,0,0,9391457
0,0,0,1,0,0,9391473
0,0,0,1,0,0,9391557
0,1,0,0,0,0,9392688
0,0,0,1,0,0,9392844
1,0,0,0,0,0,9393879
0,1,0,0,0,0,9394171
0,1,0,0,0,0,9394211
0,1,0,0,0,0,9394375
0,1,0,0,0,0,9394397
0,0,0,1,0,0,9394479
0,1,0,0,0,0,9394485
0,1,0,0,0,0,9394486
0,1,0,0,0,0,9394487
0,1,0,0,0,0,9394498
0,1,0,0,0,0,9394503
0,1,0,0,0,0,9394648
1,0,1,0,0,0,9394771
0,0,0,1,0,1,9394780
0,0,0,0,1,0,9394875
0,0,0,0,1,0,9394878
0,0,0,1,0,0,9395103
0,0,0,1,0,0,9395104
0,0,0,1,0,0,9395475
0,0,0,1,0,0,9396673
0,0,0,1,0,0,9396836
0,0,0,1,0,0,9397239
0,0,0,1,0,0,9397240
0,0,0,1,0,0,9397246
0,0,0,1,0,0,9397247
0,0,0,1,0,0,9397248
0,0,0,1,0,0,9397251
0,0,0,1,0,0,9397252
0,0,0,1,0,0,9397493
0,0,0,1,0,0,9397497
0,0,0,1,0,0,9397583
0,0,0,1,0,0,9397605
0,0,0,1,0,0,9397609
0,0,0,1,0,0,9397610
0,0,0,1,0,0,9397611
0,0,0,1,0,0,9398422
0,0,0,1,0,0,9398725
0,1,0,0,0,0,9398747
0,0,0,1,0,0,9399575
0,0,0,1,0,0,9399730
0,1,0,0,0,0,9399744
0,1,0,0,0,0,9399756
0,0,0,1,0,0,9399815
0,1,0,0,0,0,9399836
0,1,0,0,0,0,9399837
1,1,0,0,0,0,9399840
0,0,0,1,0,0,9399946
0,0,0,1,0,0,9400118
0,0,0,1,0,0,9400121
0,0,0,1,0,0,9400122
0,0,0,0,1,0,9400297
0,0,0,1,0,0,9400306
0,0,0,1,0,0,9400343
0,0,0,1,0,0,9401437
0,0,0,1,0,0,9401438
0,0,0,1,0,0,9401440
0,0,0,1,0,0,9401442
0,0,0,1,0,0,9401444
0,0,0,1,0,0,9401445
0,0,0,1,0,0,9401446
0,0,0,1,0,0,9401449
0,0,0,1,0,0,9401450
0,0,0,1,0,0,9401451
0,0,0,1,0,0,9401613
0,0,0,1,0,0,9401625
0,0,0,1,0,0,9401661
0,0,0,1,0,0,9401676
0,1,0,0,0,0,9403140
0,0,0,1,0,1,9403511
0,1,0,0,0,0,9403687
0,0,1,0,0,0,9403694
0,1,0,0,0,0,9403732
0,1,0,0,0,0,9403734
0,1,0,0,0,0,9403748
0,0,0,1,0,0,9403825
0,1,0,0,0,0,9403915
0,1,0,0,0,0,9404044
0,1,0,0,0,0,9404063
0,1,0,0,0,0,9404135
0,1,0,0,0,0,9404136
0,0,0,1,0,0,9404197
0,1,0,0,0,0,9404217
0,0,1,0,0,0,9404480
0,1,0,0,0,0,9404651
0,0,0,1,0,0,9404673
0,0,0,1,0,0,9404674
0,0,0,1,0,0,9404675
0,0,0,1,0,0,9404677
0,0,0,1,0,0,9404874
0,0,0,1,0,0,9404965
0,0,0,1,0,0,9406446
0,0,0,1,0,0,9406817
0,0,0,1,0,0,9406819
0,0,0,1,0,0,9406821
0,0,0,1,0,0,9406825
1,0,0,0,0,0,9406959
0,0,0,1,0,0,9407093
0,0,0,1,0,0,9407100
0,0,0,1,0,0,9407164
0,1,0,0,0,0,9408404
0,0,0,1,0,0,9408938
0,1,0,0,0,0,9409140
0,0,0,1,0,0,9409143
0,1,0,0,0,0,9409775
0,0,0,1,0,0,9409790
0,0,0,1,0,0,9410040
0,1,0,0,0,0,9410091
0,1,0,0,0,0,9410094
0,1,0,0,0,0,9410095
0,1,0,0,0,0,9410096
0,1,0,0,0,0,9410133
0,1,0,0,0,0,9410160
0,1,0,0,0,0,9410168
0,0,0,1,0,0,9410325
0,0,1,0,0,0,9410535
0,0,0,1,0,0,9410666
0,0,0,1,0,0,9410669
0,0,0,1,0,0,9410722
0,0,0,1,0,0,9410748
0,0,0,1,0,0,9410749
0,0,0,1,0,0,9410833
0,0,0,1,0,0,9412524
0,0,0,1,0,0,9412884
0,0,0,1,0,0,9412885
0,0,0,1,0,0,9412888
0,0,0,1,0,0,9412891
0,0,0,1,0,0,9412893
0,0,0,1,0,0,9412896
0,0,0,1,0,0,9412897
0,0,0,1,0,0,9412898
0,0,0,1,0,0,9412959
0,0,0,1,0,0,9413148
0,0,0,1,0,0,9413155
0,0,0,1,0,0,9413174
0,0,0,1,0,1,9413271
0,0,0,1,0,0,9413287
0,0,0,1,0,0,9413288
0,0,0,0,1,0,9414445
0,1,0,0,0,0,9414612
0,1,0,0,0,0,9414620
0,1,0,0,0,0,9415367
0,0,0,1,0,0,9415660
1,0,0,0,0,0,9415699
0,1,0,0,0,0,9416019
0,1,0,0,0,0,9416030
0,1,0,0,0,0,9416068
0,1,0,0,0,0,9416077
0,0,0,1,0,0,9416279
0,1,0,0,0,0,9416303
0,1,0,0,0,0,9416326
0,1,0,0,0,0,9416336
0,1,0,0,0,0,9416342
0,1,0,0,0,0,9416376
0,1,0,0,0,0,9416384
1,1,1,1,0,0,9416457
0,0,1,0,0,0,9416512
0,0,0,1,0,0,9416542
0,0,0,1,0,0,9416587
0,0,0,1,0,0,9416590
0,0,0,1,0,0,9416774
0,0,0,1,0,0,9416808
0,0,0,1,0,0,9416864
0,0,0,1,0,0,9416991
1,0,0,0,0,0,9417673
0,0,0,1,0,0,9418844
0,0,0,1,0,0,9419149
0,0,0,1,0,0,9419151
0,0,0,1,0,0,9419153
0,0,0,1,0,0,9419158
0,0,0,1,0,0,9419163
0,0,0,1,0,0,9419164
0,0,0,1,0,0,9419165
0,0,0,1,0,0,9419166
0,0,0,1,0,0,9419167
0,0,0,1,0,0,9419168
0,0,0,1,0,0,9419171
0,0,0,1,0,0,9419234
1,0,0,0,0,0,9419442
0,0,0,1,0,0,9419558
0,0,0,1,0,0,9420661
0,0,0,1,0,0,9420732
0,1,0,0,0,0,9420785
0,1,0,0,0,0,9421477
0,1,0,0,0,0,9421512
0,1,0,0,0,0,9421527
0,0,1,0,0,0,9422068
0,1,0,0,0,0,9422179
0,1,0,0,0,0,9422220
0,1,0,0,0,0,9422305
0,1,0,0,0,0,9422478
1,1,0,0,0,0,9422481
0,1,0,0,0,0,9422490
0,1,0,0,0,0,9422492
0,1,0,0,0,0,9422494
0,1,0,0,0,0,9422518
0,1,0,0,0,0,9422519
0,1,0,0,0,0,9422579
0,1,0,0,0,0,9422663
0,0,0,1,0,0,9422740
0,0,0,1,0,1,9422922
0,0,0,1,0,0,9423154
0,0,0,1,0,0,9423155
0,0,0,1,0,0,9423156
0,0,0,1,0,0,9423157
0,0,1,0,0,0,9423158
0,0,1,0,0,0,9423159
0,0,0,1,0,0,9423533
0,0,0,1,0,0,9423668
0,0,0,1,0,0,9423775
0,0,0,1,0,0,9425331
0,0,0,1,0,0,9425333
0,0,0,1,0,0,9425336
0,0,0,1,0,0,9425337
0,0,0,1,0,0,9425338
0,0,0,1,0,0,9425339
0,0,0,1,0,0,9425340
0,0,0,1,0,0,9425397
0,0,0,1,0,0,9425679
0,0,0,1,0,0,9425732
0,0,0,1,0,0,9425783
0,1,0,0,0,0,9426949
0,1,0,0,0,0,9427733
1,0,0,0,0,0,9428067
0,0,0,1,0,0,9428395
0,0,0,0,1,0,9428409
0,1,0,0,0,0,9428479
0,0,0,1,0,0,9428518
0,1,0,0,0,0,9428621
0,1,0,0,0,0,9428671
0,1,0,0,0,0,9428722
0,1,0,0,0,0,9428772
0,0,1,1,0,0,9429046
0,0,0,1,0,0,9429144
0,0,0,1,0,0,9429281
0,0,0,1,0,0,9429340
0,0,0,1,0,0,9431552
0,0,0,1,0,0,9431553
0,0,0,1,0,0,9431555
0,0,0,1,0,0,9431558
0,0,0,1,0,0,9431559
0,0,0,1,0,0,9431560
0,0,0,1,0,0,9431561
0,0,0,1,0,0,9431562
0,0,0,1,0,0,9431563
0,0,0,1,0,0,9431613
0,0,0,1,0,0,9431681
0,0,0,1,0,0,9431825
0,0,0,1,0,0,9431924
0,0,0,1,0,0,9431953
0,0,0,1,0,0,9431954
0,0,0,1,0,0,9433336
0,1,0,0,0,0,9434525
0,1,0,0,0,0,9434615
0,1,0,0,0,0,9434667
0,1,0,0,0,0,9434710
0,0,0,1,0,0,9434812
0,1,0,0,0,0,9434895
0,1,0,0,0,0,9434898
0,1,0,0,0,0,9434899
0,1,0,0,0,0,9434956
0,1,0,0,0,0,9434961
0,1,0,0,0,0,9434971
0,1,0,0,0,0,9435002
0,1,0,0,0,0,9435076
0,0,0,1,0,0,9435083
1,0,0,0,1,0,9435317
0,0,0,1,0,0,9435502
0,1,0,0,0,0,9435544
0,0,0,1,0,0,9435733
0,0,0,1,0,0,9435740
0,0,0,1,0,0,9435848
0,0,0,1,0,0,9435934
0,0,0,1,0,0,9437070
0,0,0,1,0,0,9437755
0,0,0,1,0,0,9437756
0,0,0,1,0,0,9437757
0,0,0,1,0,0,9437761
0,0,0,1,0,0,9437763
0,0,0,1,0,0,9437765
0,0,0,1,0,0,9437766
0,0,0,1,0,0,9437767
0,0,0,1,0,0,9437769
0,0,0,1,0,0,9437825
0,0,0,1,0,0,9438035
0,0,0,1,0,0,9438037
1,0,0,0,0,1,9438041
0,0,0,1,0,0,9438988
0,1,0,0,0,0,9440237
0,0,0,0,1,0,9440373
0,0,0,1,0,0,9440525
0,0,0,1,0,0,9440546
0,1,0,0,0,0,9440898
0,1,0,0,0,0,9441020
0,1,0,0,0,0,9441197
0,1,0,0,0,0,9441233
0,1,0,0,0,0,9441248
0,1,0,0,0,0,9441249
0,1,0,0,0,0,9441252
0,1,0,0,0,0,9441255
0,0,0,1,0,0,9441394
0,0,0,1,0,0,9441616
0,0,0,1,0,0,9441832
0,0,0,1,0,0,9441858
0,0,1,0,0,0,9441859
0,0,0,1,0,0,9441863
0,1,0,0,0,0,9441887
0,0,0,1,0,0,9442227
0,0,0,1,0,0,9442465
0,0,0,1,0,0,9442504
0,0,0,1,0,0,9442505
0,0,1,0,0,0,9443043
1,0,0,0,0,0,9443368
0,0,0,1,0,0,9443423
0,0,0,1,0,0,9443662
0,0,0,1,0,0,9443994
0,0,0,1,0,0,9443995
0,0,0,1,0,0,9443999
0,0,0,1,0,0,9444000
0,0,0,1,0,0,9444003
0,0,0,1,0,0,9444004
0,0,0,1,0,0,9444285
0,0,0,1,0,0,9444396
0,0,0,1,0,0,9444397
0,0,0,1,0,0,9444398
0,1,0,0,0,0,9445619
0,0,0,1,0,0,9446255
0,0,0,0,1,0,9446371
0,1,0,0,0,0,9446436
0,0,0,1,0,0,9446537
0,0,0,1,0,0,9446864
0,0,0,1,0,0,9446969
0,1,0,0,0,0,9446973
0,0,0,1,0,0,9447115
0,0,0,1,0,0,9447272
0,1,0,0,0,0,9447325
0,1,0,0,0,0,9447326
0,1,0,0,0,0,9447328
0,1,0,0,0,0,9447344
0,1,0,0,0,0,9447345
0,0,0,1,0,0,9447514
0,0,0,1,0,0,9447516
1,0,0,0,0,0,9447775
0,0,1,0,0,0,9447992
0,0,0,1,0,0,9450113
0,0,0,1,0,0,9450116
0,0,0,1,0,0,9450119
0,0,0,1,0,0,9450123
0,0,0,1,0,0,9450125
0,0,0,1,0,0,9450126
0,0,0,1,0,0,9450127
0,0,0,1,0,0,9450129
0,0,0,1,0,0,9450131
0,0,0,1,0,0,9450135
0,0,0,1,0,0,9450136
0,0,0,1,0,0,9450137
0,0,0,1,0,0,9450410
0,0,0,1,0,0,9450413
0,0,0,1,0,1,9450414
0,0,0,1,0,0,9450534
0,0,0,1,0,0,9450535
0,0,0,1,0,0,9450536
0,1,0,0,0,0,9452891
0,0,0,1,0,0,9452929
0,1,0,0,0,0,9452993
0,1,0,0,0,0,9453166
0,1,0,0,0,0,9453175
0,1,0,0,0,0,9453176
0,1,0,0,0,0,9453245
0,1,0,0,0,0,9453249
0,1,0,0,0,0,9453250
0,0,0,1,0,0,9453308
0,0,0,1,0,0,9453457
0,0,0,1,0,1,9453500
1,0,0,0,0,1,9453658
0,0,0,1,0,0,9453666
1,0,0,1,0,0,9453861
0,0,0,1,0,0,9455093
0,1,0,0,0,0,9455118
0,0,0,1,0,0,9455359
0,0,0,1,0,0,9455360
0,0,0,1,0,0,9455361
0,0,0,1,0,0,9455363
0,0,0,1,0,0,9455364
0,0,0,1,0,0,9455368
0,0,0,1,0,0,9455370
1,0,0,0,0,0,9455568
0,0,0,1,0,0,9455572
0,0,0,1,0,0,9455584
0,0,0,1,0,0,9455661
0,0,0,1,0,0,9455663
0,0,0,1,0,0,9455664
0,0,0,1,0,0,9457463
0,1,0,0,0,0,9458247
0,1,0,0,0,0,9458398
0,1,0,0,0,0,9458422
0,1,0,0,0,0,9458440
0,1,0,0,0,0,9458474
0,1,0,0,0,0,9458476
0,1,0,0,0,0,9458482
0,1,0,0,0,0,9458569
1,0,0,0,0,1,9458830
1,0,0,0,0,0,9458831
0,0,0,1,0,0,9458837
0,0,0,1,0,0,9458838
0,0,0,1,0,0,9458970
0,0,0,1,0,0,9459023
0,0,0,1,0,0,9459024
0,0,0,1,0,0,9459027
0,0,0,1,0,0,9459797
0,0,0,1,0,0,9460829
0,0,0,1,0,0,9461187
0,0,0,1,0,0,9461188
0,0,0,1,0,0,9461189
0,0,0,1,0,0,9461192
0,0,0,1,0,0,9461193
0,0,0,1,0,0,9461194
0,0,0,1,0,0,9461195
0,0,0,1,0,0,9461229
0,0,0,1,0,0,9461581
0,0,0,1,0,0,9461582
0,0,0,1,0,0,9462634
0,0,0,1,0,0,9462643
0,0,0,1,0,0,9462662
0,1,0,0,0,0,9462754
0,1,0,0,0,0,9462757
0,0,0,1,0,0,9463999
0,1,0,0,0,0,9464022
0,1,0,0,0,0,9464025
0,0,0,1,0,0,9464210
0,1,0,0,0,0,9464234
0,1,0,0,0,0,9464334
1,0,0,0,0,0,9464571
0,0,0,1,0,0,9464821
1,0,0,0,0,0,9466034
0,0,0,1,0,0,9466211
0,0,0,1,0,0,9466231
0,0,0,1,0,0,9466434
0,0,0,1,0,0,9466527
0,0,0,1,0,0,9466737
0,0,0,1,0,0,9466738
0,0,0,1,0,0,9466743
0,0,0,1,0,0,9466744
0,0,0,1,0,0,9466748
0,0,0,1,0,0,9466750
0,0,0,1,0,0,9466752
0,0,0,1,0,0,9466754
0,0,0,1,0,0,9466755
0,0,0,1,0,0,9466799
0,0,0,1,0,0,9466879
1,0,0,0,0,0,9466984
0,0,0,1,0,0,9467088
0,0,0,1,0,0,9468572
0,1,0,0,0,0,9468950
0,0,0,1,0,0,9469421
0,0,0,1,0,0,9469526
1,0,0,0,0,0,9469533
0,0,0,1,0,0,9469549
1,0,1,1,0,0,9469555
0,0,0,1,0,0,9469565
0,1,0,0,0,0,9469626
0,1,0,0,0,0,9469746
0,1,0,0,0,0,9469815
0,1,0,0,0,0,9469820
0,1,0,0,0,0,9469822
0,1,0,0,0,0,9469859
0,0,0,1,0,0,9469938
0,0,0,1,0,0,9469977
0,1,0,1,0,0,9470110
0,0,1,0,0,0,9470212
0,0,0,1,0,0,9470385
0,0,0,1,0,0,9470413
1,0,0,0,0,0,9470415
0,0,1,0,0,0,9470434
0,0,0,1,0,0,9470821
0,0,0,1,0,0,9471070
0,0,0,1,0,0,9472691
0,0,0,1,0,0,9472693
0,0,0,1,0,0,9472694
0,0,0,1,0,0,9472700
0,0,0,1,0,0,9472702
0,0,0,1,0,0,9472703
0,0,0,1,0,0,9472708
0,0,0,1,0,0,9472711
0,0,0,1,0,0,9473065
0,0,0,1,0,0,9474315
0,1,0,0,0,0,9475031
0,0,0,1,0,0,9475262
0,1,0,0,0,0,9475598
0,1,0,0,0,0,9475713
0,1,0,0,0,0,9475960
0,1,0,0,0,0,9475999
0,1,0,0,0,0,9476002
0,0,0,1,0,0,9476115
0,0,0,1,0,0,9476129
0,0,1,0,0,0,9476283
0,1,0,0,0,0,9476352
0,0,0,1,0,0,9476402
0,0,0,1,0,0,9476601
0,0,0,1,0,0,9476611
0,0,0,1,0,0,9476612
0,0,0,1,0,0,9477019
0,0,0,1,0,0,9477021
0,0,0,1,0,0,9477033
0,0,0,1,0,0,9477795
0,1,0,0,0,0,9478324
0,0,0,1,0,0,9478448
0,0,0,0,1,0,9478508
0,0,0,1,0,0,9478678
0,0,0,1,0,0,9478679
0,0,0,1,0,0,9478680
0,0,0,1,0,0,9478684
0,0,0,1,0,0,9478686
0,0,0,1,0,0,9478687
0,0,0,1,0,0,9478688
0,0,0,1,0,0,9478694
0,0,0,1,0,0,9478707
0,0,0,1,0,0,9478745
0,0,0,1,0,0,9478746
0,0,0,1,0,0,9479003
0,0,0,1,0,0,9479110
0,0,0,1,0,0,9479158
0,0,0,1,0,0,9479212
0,0,0,1,0,0,9480127
0,1,0,0,0,0,9480780
0,1,0,0,0,0,9480864
0,0,0,1,0,0,9480967
0,0,0,1,0,0,9481017
0,0,0,1,0,0,9481241
0,1,0,0,0,0,9481589
0,1,0,0,0,0,9481616
0,1,0,0,0,0,9481793
0,1,0,0,0,0,9481836
0,1,0,0,0,0,9481860
0,0,0,1,0,0,9481898
0,0,1,0,0,0,9482082
0,0,0,1,0,0,9482209
0,0,0,1,0,0,9482210
0,0,0,1,0,0,9482422
0,0,0,1,0,0,9482448
0,0,0,1,0,0,9482449
0,0,0,1,0,0,9482505
0,0,0,1,0,0,9482625
0,0,0,1,0,0,9484157
0,0,0,1,0,0,9484332
0,0,0,1,0,0,9484426
0,0,0,1,0,0,9484475
0,0,0,1,0,0,9484478
0,0,0,1,0,0,9484479
0,0,0,1,0,0,9484480
0,0,0,1,0,0,9484483
0,0,0,1,0,0,9484484
0,0,0,1,0,0,9484485
0,0,0,1,0,0,9484488
1,0,0,1,0,0,9486747
0,1,0,0,0,0,9486774
0,0,0,1,0,0,9486841
0,1,0,0,0,0,9487624
0,1,0,0,0,0,9487712
0,1,0,0,0,0,9487721
0,1,0,0,0,0,9487792
0,1,0,0,0,0,9487793
0,1,0,0,0,0,9487795
0,1,0,0,0,0,9487796
0,1,0,0,0,0,9487914
0,0,0,1,0,0,9488386
0,0,1,0,0,0,9488388
0,0,0,1,0,0,9488392
0,0,0,1,0,0,9488394
0,0,0,1,0,0,9488968
0,0,0,1,0,0,9489103
1,0,0,0,0,0,9489701
0,0,0,1,0,0,9489776
0,0,0,1,0,0,9490375
0,0,0,1,0,0,9490376
0,0,0,1,0,0,9490377
0,0,0,1,0,0,9490379
0,0,0,1,0,0,9490382
0,0,0,1,0,0,9490383
0,0,0,1,0,0,9490387
0,0,0,1,0,0,9490510
0,0,0,1,0,0,9490632
0,0,0,1,0,0,9490743
0,1,0,0,0,0,9492851
0,0,1,1,0,0,9493223
0,0,0,1,0,0,9493350
0,1,0,0,0,0,9493379
0,1,0,0,0,0,9493380
0,1,0,0,0,0,9493495
0,1,0,0,0,0,9493640
0,0,0,1,0,0,9493695
0,1,0,0,0,0,9493785
0,1,0,0,0,0,9493793
0,1,0,0,0,0,9493796
0,1,0,0,0,0,9493802
0,1,0,0,0,0,9493849
0,1,0,0,0,0,9493850
0,0,1,0,0,0,9493988
0,0,0,1,0,0,9494065
0,0,0,1,0,0,9494141
0,0,0,1,0,0,9494159
0,0,0,1,0,0,9494297
0,1,0,0,0,0,9494313
0,0,0,1,0,0,9494330
0,0,0,1,0,0,9494338
0,0,0,1,0,0,9494339
0,0,0,1,0,0,9494340
0,0,0,1,0,0,9494343
0,0,0,1,0,0,9494672
0,0,0,1,0,0,9495938
0,0,0,1,0,0,9496093
0,0,0,1,0,0,9496094
0,0,0,1,0,0,9496140
0,0,0,1,0,0,9496422
0,0,0,1,0,0,9496424
0,0,0,1,0,0,9496427
0,0,0,1,0,0,9496434
0,0,0,1,0,0,9496436
0,0,0,1,0,0,9496437
0,0,0,1,0,0,9496439
0,0,0,1,0,0,9496440
0,0,0,1,0,0,9496441
0,0,0,1,0,0,9496443
0,0,0,1,0,0,9496448
0,0,0,1,0,0,9496451
0,0,0,1,0,0,9496452
0,0,0,1,0,0,9496751
0,0,0,1,0,0,9496752
0,0,0,1,0,0,9496803
0,0,0,1,0,0,9498101
0,0,0,0,1,0,9498286
0,0,1,0,0,0,9498749
0,0,0,1,0,0,9498931
0,0,0,1,0,0,9499209
0,1,0,0,0,0,9499451
0,1,0,0,0,0,9499635
0,1,0,0,0,0,9499640
0,0,0,1,0,0,9499697
0,1,0,0,0,0,9499757
0,1,0,0,0,0,9499783
0,1,0,0,0,0,9499830
0,1,0,0,0,0,9499939
0,0,1,0,0,0,9500068
0,0,0,1,0,1,9500184
0,0,0,1,0,0,9500185
0,0,0,1,0,0,9500341
0,0,0,1,0,0,9500390
0,0,0,1,0,0,9500516
0,0,0,1,0,0,9500578
0,0,0,1,0,0,9500785
0,0,0,1,0,1,9501040
0,0,0,1,0,0,9502182
0,0,0,1,0,0,9502379
0,0,0,1,0,0,9502479
0,0,0,1,0,0,9502587
0,0,0,1,0,0,9502588
0,0,0,1,0,0,9502589
0,0,0,1,0,0,9502590
0,0,0,1,0,0,9502591
0,0,0,1,0,0,9502596
0,0,0,1,0,0,9502597
0,0,0,1,0,0,9502598
0,0,0,1,0,0,9502601
0,0,0,1,0,0,9502897
0,0,0,1,0,0,9502902
0,0,0,1,0,0,9502907
0,0,0,1,0,0,9504098
0,1,0,0,0,0,9504711
0,1,0,0,0,0,9504983
0,0,0,1,0,0,9505307
0,0,0,1,0,0,9505618
0,0,0,1,0,0,9505630
0,1,0,0,0,0,9505668
0,0,0,1,0,0,9505770
0,1,0,0,0,0,9505811
0,0,0,1,0,0,9505877
0,1,0,0,0,0,9505984
0,1,0,0,0,0,9505991
0,1,0,0,0,0,9506086
0,1,0,0,0,0,9506096
0,1,0,0,0,0,9506098
0,0,0,1,0,0,9506141
0,0,0,1,0,0,9506671
0,0,0,1,0,0,9506751
0,0,1,0,0,0,9506883
0,0,0,1,0,0,9506971
0,0,0,1,0,0,9506972
0,0,0,1,0,0,9506975
0,0,0,1,0,0,9507190
0,0,0,1,0,0,9507333
0,0,0,0,1,0,9508616
0,0,0,1,0,0,9508875
0,0,0,1,0,0,9508876
0,0,0,1,0,0,9508877
0,0,0,1,0,0,9508878
0,0,0,1,0,0,9508882
0,0,0,1,0,0,9508884
0,0,0,1,0,0,9508886
0,0,0,1,0,0,9508887
0,0,0,1,0,0,9508888
0,0,0,1,0,0,9509192
0,0,0,1,0,0,9509247
0,0,0,1,0,1,9509249
0,0,0,1,0,0,9509250
0,0,0,1,0,0,9509400
0,0,0,1,0,0,9510653
0,1,0,0,0,0,9511106
1,0,0,1,0,1,9511655
0,0,0,1,0,0,9511844
0,0,0,1,0,0,9511881
0,1,0,0,0,0,9511935
0,0,0,1,0,0,9512032
0,1,0,0,0,0,9512364
1,1,0,0,0,0,9512375
0,1,0,0,0,0,9512376
0,1,0,0,0,0,9512451
0,1,0,0,0,0,9512454
0,0,0,1,0,0,9512620
0,0,0,1,0,0,9512791
0,0,0,1,0,1,9512826
0,0,0,1,0,0,9512827
0,0,1,1,0,0,9512828
0,0,0,1,0,0,9513031
0,0,0,1,0,0,9513032
0,0,0,1,0,0,9513158
0,0,0,1,0,0,9513159
0,0,0,1,0,0,9513328
0,0,0,1,0,0,9515201
0,0,0,1,0,0,9515202
0,0,0,1,0,0,9515203
0,0,0,1,0,0,9515206
0,0,0,1,0,0,9515209
0,0,0,1,0,0,9515212
0,0,0,1,0,0,9515213
0,0,0,1,0,0,9515214
0,0,0,1,0,0,9515217
0,0,0,1,0,0,9515482
1,0,0,1,0,1,9515516
0,0,0,1,0,0,9515522
0,0,0,1,0,0,9515601
0,0,0,1,0,0,9515602
0,0,0,1,0,0,9516907
0,1,0,0,0,0,9517444
0,1,0,0,0,0,9517445
0,1,0,0,0,0,9518076
1,0,0,0,0,0,9518181
0,1,0,0,0,0,9518226
0,1,0,0,0,0,9518227
0,1,0,0,0,0,9518229
0,1,0,0,0,0,9518235
0,1,0,0,0,0,9518248
0,1,0,0,0,0,9518267
0,1,0,0,0,0,9518274
0,1,0,0,0,0,9518279
0,1,0,0,0,0,9518304
0,1,0,0,0,0,9518305
0,0,0,1,0,0,9518391
0,0,1,0,0,0,9518438
0,0,0,1,0,0,9518759
0,0,0,1,0,0,9518764
0,0,0,1,0,0,9520507
0,0,0,1,0,0,9520512
0,0,0,1,0,0,9520517
0,0,0,1,0,0,9520518
0,0,0,1,0,0,9520519
0,0,0,1,0,0,9520521
0,0,0,1,0,0,9520522
0,0,0,1,0,0,9520524
0,0,0,1,0,0,9520528
0,0,0,1,0,0,9520530
0,0,0,1,0,0,9520531
0,0,0,1,0,0,9520564
0,0,0,1,0,0,9520721
0,0,0,1,0,0,9520722
0,0,0,1,0,0,9520803
0,0,0,1,0,0,9520825
0,0,0,1,0,0,9520826
0,0,0,1,0,0,9520827
0,0,0,1,0,0,9521838
0,1,0,0,0,0,9522392
0,1,0,0,0,0,9522864
0,1,0,0,0,0,9522965
0,1,0,0,0,0,9523056
0,1,0,0,0,0,9523102
0,1,0,0,0,0,9523103
0,1,0,0,0,0,9523104
0,0,0,1,0,0,9523152
1,0,0,1,0,1,9523285
0,0,0,0,1,0,9523346
0,1,0,0,0,0,9523499
0,0,0,1,0,0,9523516
0,0,0,1,0,0,9523539
0,0,0,1,0,0,9523644
0,1,0,0,0,0,9523652
0,0,0,1,0,0,9523732
0,0,0,1,0,0,9523759
0,0,0,1,0,0,9523865
0,0,0,1,0,0,9523991
0,0,0,1,0,0,9525079
0,0,0,1,0,0,9525081
0,0,0,1,0,0,9525082
0,0,0,1,0,0,9525083
0,0,0,1,0,0,9525085
0,0,0,1,0,0,9525086
0,0,0,1,0,0,9525089
0,0,0,1,0,0,9525091
0,0,0,1,0,0,9525092
0,0,0,1,0,0,9525096
0,0,0,1,0,0,9525098
0,0,0,1,0,0,9525099
0,0,0,1,0,0,9525193
0,0,0,1,0,0,9525286
0,0,0,1,0,0,9525305
0,0,0,1,0,0,9525380
0,0,0,0,1,0,9526576
0,0,0,1,0,0,9527164
0,0,0,1,0,0,9527435
0,0,0,1,0,0,9527569
0,0,1,0,0,0,9527753
0,1,0,0,0,0,9527780
0,1,0,0,0,0,9527783
0,1,0,0,0,0,9527788
0,1,0,0,0,0,9527802
0,0,0,1,0,0,9527963
0,0,0,1,0,0,9527983
0,1,0,0,0,0,9528061
0,1,0,0,0,0,9528084
0,1,0,0,0,0,9528119
0,1,0,0,0,0,9528128
0,1,0,0,0,0,9528132
0,1,0,0,0,0,9528135
0,1,0,0,0,0,9528138
0,1,0,0,0,0,9528164
0,0,0,1,0,0,9528192
0,0,0,1,0,0,9528235
0,0,1,0,0,0,9528366
0,0,1,0,0,0,9528367
0,0,1,0,0,0,9528372
0,1,0,0,0,0,9528707
0,0,0,1,0,0,9528724
0,0,0,1,0,0,9528725
0,0,0,1,0,0,9528731
0,0,0,1,0,0,9529331
0,0,0,1,0,0,9530531
0,0,0,1,0,0,9530570
0,0,0,1,0,0,9530572
0,0,0,1,0,0,9530903
0,0,0,1,0,0,9530911
0,0,0,1,0,0,9530913
0,0,0,1,0,0,9530914
0,0,0,1,0,0,9530915
0,0,0,1,0,0,9530917
0,0,0,1,0,0,9530919
0,0,0,1,0,0,9530921
0,0,0,1,0,0,9530923
0,0,0,1,0,0,9530924
0,0,0,1,0,0,9530926
0,0,0,1,0,0,9530972
0,0,0,1,0,0,9531027
0,0,0,1,0,0,9531293
0,0,0,1,0,0,9531320
0,1,0,0,0,0,9533927
0,0,0,1,0,0,9533945
0,1,0,0,0,0,9534174
0,1,0,0,0,0,9534176
0,1,0,0,0,0,9534180
0,1,0,0,0,0,9534181
0,1,0,0,0,0,9534197
0,1,0,0,0,0,9534231
0,1,0,0,0,0,9534242
0,1,0,0,0,0,9534261
0,0,1,0,0,0,9534276
0,0,1,0,0,0,9534489
0,0,0,1,0,0,9534811
0,0,0,1,0,0,9534812
0,0,0,1,0,0,9535135
1,0,0,0,0,0,9535474
1,0,0,0,0,0,9536021
0,0,0,1,0,0,9536632
0,0,0,1,0,0,9536633
0,0,0,1,0,0,9536676
0,0,0,1,0,0,9536677
0,0,0,1,0,0,9537020
0,0,0,1,0,0,9537026
0,0,0,1,0,0,9537030
0,0,0,1,0,0,9537031
0,0,0,1,0,0,9537032
0,0,0,1,0,0,9537033
0,0,0,1,0,0,9537035
0,0,0,1,0,0,9537038
0,0,0,1,0,0,9537041
0,0,0,1,0,0,9537043
0,0,0,1,0,0,9537099
0,0,0,1,0,0,9537100
0,0,0,0,1,0,9538586
0,0,0,1,0,0,9538612
1,0,0,1,0,0,9538730
0,1,0,0,0,0,9539525
0,0,0,1,0,0,9539736
0,0,0,1,0,0,9539906
0,1,0,0,0,0,9540258
0,0,0,1,0,0,9540274
1,1,0,0,0,0,9540578
0,1,0,0,0,0,9540608
0,1,0,0,0,0,9540665
0,0,0,1,0,0,9540918
0,0,0,1,0,0,9540943
1,0,0,0,0,0,9541066
0,0,1,1,0,1,9541070
0,0,0,1,0,0,9541071
0,0,0,1,0,0,9541306
0,0,0,1,0,0,9541307
0,0,0,1,0,0,9541308
0,0,1,0,0,0,9541309
0,0,0,1,0,0,9541508
0,0,0,1,0,0,9541683
0,0,0,1,0,0,9543455
0,0,0,1,0,0,9543456
0,0,0,1,0,0,9543459
0,0,0,1,0,0,9543460
0,0,0,1,0,0,9543461
0,0,0,1,0,0,9543537
1,0,0,0,0,0,9543764
0,0,0,1,0,0,9543854
0,0,0,1,0,0,9543890
0,0,0,1,0,0,9545612
0,1,0,0,0,0,9545613
0,0,0,1,0,0,9545852
0,0,0,1,0,0,9546108
0,0,0,1,0,0,9546109
0,1,0,0,0,0,9546223
0,1,0,0,0,0,9546315
0,1,0,0,0,0,9546332
0,1,0,0,0,0,9546351
0,1,0,0,0,0,9546376
0,1,0,0,0,0,9546385
0,1,0,0,0,0,9546386
0,0,0,1,0,0,9546640
1,0,0,0,0,1,9546643
0,1,0,0,0,0,9546760
0,0,0,1,0,0,9546799
0,0,0,1,0,0,9546801
0,0,0,1,0,0,9546816
0,0,0,1,0,0,9546955
0,0,0,1,0,0,9547033
0,0,0,1,0,0,9547181
0,0,0,1,0,0,9548403
0,0,0,1,0,0,9548404
0,0,0,1,0,0,9548405
0,0,0,1,0,0,9548407
0,0,0,1,0,0,9548409
0,0,0,1,0,0,9548410
0,0,0,1,0,0,9548412
1,0,0,0,0,0,9548509
0,0,0,1,0,0,9548695
0,0,0,1,0,0,9548696
0,0,0,1,0,0,9548697
0,0,0,1,0,0,9548698
1,0,0,1,0,0,9550558
0,0,0,1,0,0,9550791
0,1,0,0,0,0,9550943
0,1,0,0,0,0,9551006
1,0,0,0,0,0,9551277
0,0,0,1,0,0,9551507
0,0,0,1,0,0,9551760
0,0,0,1,0,0,9553213
0,0,0,1,0,0,9553221
0,0,0,1,0,0,9553225
0,0,0,1,0,0,9553226
0,0,0,1,0,0,9553228
0,0,0,1,0,0,9553229
0,0,0,1,0,1,9553452
0,0,0,1,0,0,9553480
0,0,0,1,0,0,9553481
0,0,0,1,0,0,9554523
0,0,0,0,1,0,9555267
1,0,0,0,0,0,9555365
0,1,0,0,0,0,9556046
0,1,0,0,0,0,9556307
0,1,0,0,0,0,9556328
0,1,0,0,0,0,9556384
0,1,0,0,0,0,9556391
0,1,0,0,0,0,9556496
0,0,0,1,0,0,9556513
0,0,0,1,0,0,9556528
0,1,0,0,0,0,9556557
0,1,0,0,0,0,9556558
0,0,0,1,0,0,9556855
0,0,1,0,0,0,9556856
0,1,0,0,0,0,9557053
0,1,0,0,0,0,9557058
0,0,0,1,0,0,9557077
0,0,0,1,0,0,9557078
0,0,0,1,0,0,9558861
0,0,0,1,0,0,9559220
0,0,0,1,0,0,9559221
0,0,0,1,0,0,9559222
0,0,0,1,0,0,9559223
0,0,0,1,0,0,9559228
0,0,0,1,0,0,9559229
0,0,0,1,0,0,9559230
0,0,0,1,0,0,9559233
0,0,0,1,0,0,9559234
0,0,0,1,0,0,9559236
0,0,0,1,0,0,9559241
0,0,0,1,0,0,9559245
0,0,0,1,0,0,9559246
0,0,0,1,0,0,9559404
0,0,0,1,0,0,9559518
1,0,0,0,0,0,9559521
0,0,0,1,0,0,9559631
0,0,0,1,0,0,9559632
0,0,0,1,0,0,9559634
0,0,0,1,0,0,9560812
0,0,0,0,1,0,9561383
0,1,0,0,0,0,9561501
0,0,0,1,0,0,9561731
0,0,0,1,0,0,9561981
0,1,0,0,0,0,9562160
0,1,0,0,0,0,9562194
0,1,0,0,0,0,9562204
0,1,0,0,0,0,9562210
0,1,0,0,0,0,9562235
0,0,0,1,0,0,9562520
0,0,0,1,0,1,9562521
0,0,0,1,0,0,9562659
0,0,0,1,0,0,9562938
0,0,0,1,0,0,9564274
0,0,0,1,0,0,9564320
0,0,0,1,0,0,9564542
0,0,0,1,0,0,9564544
0,0,0,1,0,0,9564547
0,0,0,1,0,0,9564551
0,0,0,1,0,0,9564593
1,0,0,1,0,0,9564756
0,0,0,1,0,0,9564852
0,0,0,1,0,0,9565758
0,1,0,0,0,0,9566549
0,1,0,0,0,0,9566563
0,0,0,1,0,0,9566867
0,0,0,1,0,1,9566953
0,0,0,1,0,0,9567227
0,0,0,1,0,0,9567233
0,1,0,0,0,0,9567248
0,0,0,1,0,0,9567487
0,1,0,0,0,0,9567539
0,1,0,0,0,0,9567540
0,1,0,0,0,0,9567544
0,1,0,0,0,0,9567558
0,1,0,0,0,0,9567561
0,1,0,0,0,0,9567601
0,0,0,1,0,0,9568215
0,0,0,1,0,0,9568216
0,0,0,1,0,0,9568217
0,0,0,1,0,0,9568653
0,0,0,1,0,0,9569565
0,0,0,1,0,0,9570206
0,0,0,1,0,0,9570241
0,0,0,1,0,0,9570242
0,0,0,1,0,0,9570485
0,0,0,1,0,0,9570636
0,0,0,1,0,0,9570637
0,0,0,1,0,0,9570638
0,0,0,1,0,0,9570640
0,0,0,1,0,0,9570641
0,0,0,1,0,0,9570642
0,0,0,1,0,0,9570650
0,0,0,1,0,0,9570795
0,0,0,1,0,0,9571030
0,0,0,1,0,0,9571032
0,0,0,1,0,0,9572304
0,0,0,1,0,0,9573449
1,0,0,0,0,0,9573479
0,0,0,1,0,0,9573704
0,1,0,0,0,0,9573875
0,1,0,0,0,0,9574147
0,1,0,0,0,0,9574200
0,1,0,0,0,0,9574206
0,1,0,0,0,0,9574212
0,1,0,0,0,0,9574213
0,1,0,0,0,0,9574214
0,0,0,1,0,0,9574352
0,0,1,0,0,0,9574431
0,0,1,0,0,0,9574551
0,0,1,0,0,0,9574552
0,0,0,1,0,0,9574553
0,0,0,1,0,0,9576349
0,0,0,1,0,0,9576444
0,0,0,1,0,0,9576739
0,0,0,1,0,0,9576745
0,0,0,1,0,0,9577119
0,0,0,1,0,0,9577120
0,0,0,1,0,0,9577122
0,0,0,1,0,0,9577126
0,0,0,1,0,0,9577129
0,0,0,1,0,0,9577130
0,0,0,1,0,0,9577132
0,0,0,1,0,0,9577134
0,0,0,1,0,0,9577138
0,0,0,1,0,0,9577139
0,0,0,1,0,0,9577140
0,0,0,1,0,0,9577141
0,0,0,1,0,0,9577425
0,0,0,1,0,0,9577571
0,0,0,1,0,0,9577572
0,0,0,1,0,0,9577573
0,0,0,1,0,0,9578696
0,1,0,0,0,0,9578807
0,0,0,1,0,0,9579681
0,0,0,1,0,0,9579820
0,0,0,1,0,0,9579864
0,1,0,0,0,0,9580246
0,1,0,0,0,0,9580341
0,1,0,0,0,0,9580454
0,0,0,1,0,0,9580555
0,1,0,0,0,0,9580602
0,0,0,1,0,0,9580647
0,1,0,0,0,0,9580660
0,1,0,0,0,0,9580665
0,1,0,0,0,0,9580729
0,1,0,0,0,0,9580735
0,1,0,0,0,0,9580763
0,1,0,0,0,0,9580823
0,0,0,1,0,0,9581051
0,1,0,0,0,0,9581325
0,0,0,1,0,0,9581357
0,0,0,1,0,0,9581870
0,0,0,1,0,0,9583647
0,0,0,1,0,0,9583648
0,0,0,1,0,0,9583649
0,0,0,1,0,0,9583651
0,0,0,1,0,0,9583652
0,0,0,1,0,0,9583653
0,0,0,1,0,0,9583658
0,0,0,1,0,0,9583659
0,0,0,1,0,0,9583660
0,0,0,1,0,0,9583662
0,0,0,1,0,0,9583663
0,0,0,1,0,0,9583667
0,0,0,1,0,0,9583712
0,0,0,1,0,0,9583725
0,0,0,1,0,0,9583939
0,0,0,1,0,1,9583942
0,1,0,0,0,0,9584002
0,0,0,1,0,0,9584021
0,0,0,1,0,0,9584036
0,0,0,1,0,0,9584064
0,0,0,1,0,0,9584065
0,1,0,0,0,0,9585314
0,0,0,1,0,0,9585522
0,0,0,1,0,0,9586190
0,1,0,0,0,0,9586341
0,0,0,1,0,0,9586458
0,0,0,1,0,0,9586640
0,0,0,1,0,0,9587061
0,0,0,1,0,0,9587094
0,0,0,1,0,0,9587102
0,1,0,0,0,0,9587178
0,1,0,0,0,0,9587179
0,1,0,0,0,0,9587217
0,1,0,0,0,0,9587258
0,0,0,1,0,1,9587631
0,0,0,0,1,0,9587635
0,0,0,1,0,0,9587857
0,0,0,1,0,0,9587858
0,0,0,1,0,0,9589371
0,0,0,1,0,0,9589693
0,0,0,1,0,0,9589736
0,0,0,1,0,0,9589752
0,0,0,1,0,0,9589792
0,0,0,1,0,0,9589793
0,0,0,1,0,0,9590035
0,0,0,1,0,0,9590123
0,0,0,1,0,0,9590126
0,0,0,1,0,0,9590130
0,0,0,1,0,0,9590131
0,0,0,1,0,0,9590133
0,0,0,1,0,0,9590278
0,0,0,1,0,0,9590556
0,0,0,1,0,0,9590557
0,0,0,1,0,0,9590559
