,patent_id
1,9198874
2,9198928
4,9199273
5,9199435
6,9199438
8,9199841
10,9199858
11,9200082
12,9200126
13,9200152
16,9200378
17,9200413
18,9200804
19,9200974
20,9201010
24,9201170
26,9201280
27,9201301
28,9201442
29,9201726
30,9201990
31,9202399
32,9202533
33,9202556
34,9202557
36,9202575
37,9202579
38,9202596
42,9202693
45,9202707
46,9202709
47,9202720
48,9202721
49,9202722
50,9202728
52,9202759
53,9202762
55,9202788
56,9202814
57,9202818
58,9202822
59,9202823
60,9202825
61,9202827
62,9202842
63,9202847
64,9202849
65,9202851
66,9202865
67,9202867
68,9202868
69,9202873
70,9202877
71,9202892
72,9202896
74,9202899
75,9202907
76,9202915
77,9202922
78,9202925
79,9202926
80,9202927
81,9202928
82,9202931
83,9202936
84,9202938
86,9202944
87,9202944
88,9202945
89,9202947
90,9202975
91,9202987
92,9202988
93,9202992
96,9202998
97,9203023
99,9203030
102,9203040
108,9203095
109,9203101
110,9203116
111,9203155
113,9203269
115,9204554
116,9205039
118,9205173
119,9205173
120,9205399
122,9205581
123,9205707
124,9205707
125,9206040
126,9206049
127,9206049
128,9206054
129,9206102
130,9206102
131,9206202
133,9206233
134,9206303
136,9206339
138,9206403
140,9206509
143,9206665
144,9206810
145,9207053
146,9207357
147,9207385
149,9207504
151,9208828
152,9208840
153,9208848
154,9208868
155,9208887
156,9208925
157,9208943
158,9208956
160,9209023
161,9209025
162,9209026
163,9209030
165,9209042
166,9209069
167,9209081
169,9209099
170,9209111
171,9209119
172,9209125
174,9209140
175,9209144
177,9209189
178,9209191
179,9209201
180,9209203
181,9209204
182,9209205
183,9209232
184,9209255
185,9209256
186,9209262
187,9209267
188,9209276
189,9209282
190,9209283
191,9209285
192,9209289
193,9209295
194,9209307
195,9209309
196,9209310
197,9209311
198,9209312
199,9209313
200,9209314
201,9209315
202,9209336
205,9209352
206,9209366
209,9209390
210,9209394
211,9209398
214,9209488
215,9209595
216,9209596
218,9211346
219,9211419
221,9211678
222,9211688
224,9212056
225,9212063
226,9212145
228,9212267
229,9212268
230,9212273
231,9212285
232,9212292
233,9212294
234,9212294
237,9212430
238,9212895
239,9213187
240,9213191
241,9213192
242,9213206
243,9213236
246,9213593
248,9213945
249,9214226
250,9214227
251,9214228
252,9214234
253,9214239
254,9214241
261,9214333
262,9214334
265,9214350
266,9214379
267,9214380
269,9214393
271,9214429
273,9214464
274,9214465
275,9214468
276,9214474
277,9214508
278,9214523
279,9214524
280,9214526
281,9214526
282,9214532
283,9214533
284,9214546
286,9214562
287,9214563
288,9214564
289,9214566
290,9214570
291,9214574
293,9214597
294,9214618
295,9214622
298,9214788
299,9214789
300,9215759
301,9215759
302,9215779
304,9215877
305,9216220
307,9216370
308,9216391
309,9216398
310,9216493
311,9216546
312,9216908
313,9216908
314,9216910
316,9216949
317,9217053
319,9217200
323,9217727
324,9217758
327,9217899
328,9218756
329,9218870
330,9218887
331,9218888
332,9218916
334,9218957
335,9218966
336,9218970
337,9218972
338,9218976
340,9219008
341,9219050
343,9219066
344,9219071
346,9219076
347,9219084
348,9219085
349,9219088
350,9219090
351,9219098
352,9219100
354,9219120
355,9219121
356,9219130
357,9219134
359,9219145
361,9219156
362,9219158
363,9219159
364,9219160
365,9219163
366,9219164
367,9219165
371,9219175
372,9219180
373,9219180
374,9219191
375,9219193
376,9219193
377,9219228
378,9219238
379,9219249
380,9219254
381,9219280
382,9219280
384,9219971
389,9220951
390,9221032
391,9221056
394,9221707
395,9221733
397,9221888
400,9221978
401,9221979
403,9221991
404,9222004
406,9222169
407,9222708
409,9222930
410,9223037
411,9223088
413,9223442
414,9224412
417,9224469
418,9224478
419,9224488
420,9224518
421,9224598
423,9224608
424,9224609
425,9224622
427,9224631
428,9224651
431,9224659
432,9224663
433,9224667
434,9224668
435,9224691
436,9224692
437,9224698
439,9224745
440,9224749
441,9224757
442,9224778
443,9224792
445,9224802
448,9224809
450,9224811
451,9224812
452,9224816
453,9224818
454,9224819
455,9224838
456,9224839
457,9224850
458,9224852
459,9224860
460,9224869
461,9224871
462,9224874
463,9224875
464,9224877
465,9224879
466,9224883
467,9224892
469,9224905
470,9224916
471,9224919
472,9224920
474,9224965
475,9225003
476,9225011
477,9225023
478,9225072
479,9225147
480,9225356
482,9226508
483,9226890
485,9227182
487,9227360
488,9227361
490,9227456
492,9228025
493,9228067
494,9228149
495,9228262
496,9228420
497,9228697
500,9228944
502,9228972
503,9228974
504,9229006
506,9229451
508,9230618
509,9230625
510,9230640
511,9230644
512,9230646
513,9230647
514,9230650
515,9230793
516,9230799
518,9230799
520,9230818
521,9230824
522,9230826
523,9230857
525,9230865
526,9230909
529,9230924
530,9230928
531,9230930
532,9230931
533,9230946
535,9230979
536,9230980
537,9230987
538,9230989
539,9230996
540,9230998
541,9231002
542,9231003
543,9231011
544,9231014
545,9231014
546,9231029
548,9231052
549,9231056
550,9231058
551,9231060
552,9231060
553,9231066
554,9231070
555,9231081
556,9231082
557,9231095
558,9231096
559,9231101
560,9231107
561,9231110
562,9231112
563,9231115
564,9231116
566,9231152
567,9231181
568,9231192
569,9231201
574,9231222
575,9231223
576,9231370
577,9231370
580,9232317
581,9232572
584,9232813
587,9233072
588,9233078
589,9233163
590,9233164
591,9233166
593,9233190
594,9233190
595,9233366
596,9233492
597,9233650
598,9233842
601,9233854
602,9233878
606,9234078
607,9234084
608,9234114
610,9234130
611,9234280
612,9234310
614,9234633
615,9234656
617,9234796
620,9234876
623,9235082
624,9235089
625,9235089
626,9235095
627,9235515
628,9236076
629,9236106
631,9236130
632,9236145
633,9236169
635,9236197
636,9236244
637,9236248
638,9236250
640,9236287
641,9236291
642,9236297
644,9236309
645,9236310
646,9236338
647,9236385
648,9236390
649,9236395
650,9236396
651,9236400
652,9236405
653,9236412
654,9236428
655,9236430
656,9236432
658,9236440
660,9236454
661,9236455
662,9236456
663,9236457
664,9236460
665,9236468
667,9236477
668,9236485
669,9236489
670,9236490
671,9236491
672,9236507
673,9236510
676,9236575
677,9236600
678,9236600
679,9236607
680,9236607
681,9236633
682,9236945
683,9236947
684,9237283
685,9237616
686,9237646
687,9237657
688,9237658
691,9238349
693,9238582
695,9238700
696,9238710
701,9239192
703,9239284
704,9239298
705,9239298
706,9239328
708,9239484
711,9239803
712,9240132
713,9240222
714,9240224
715,9240246
716,9240254
717,9240258
718,9240348
719,9240358
721,9240364
722,9240379
723,9240382
724,9240386
726,9240416
729,9240451
730,9240455
732,9240463
733,9240464
734,9240467
736,9240478
737,9240485
738,9240486
739,9240487
740,9240489
741,9240490
742,9240493
743,9240494
745,9240507
747,9240509
748,9240516
749,9240539
750,9240543
753,9240564
754,9240567
755,9240607
756,9240674
757,9240675
758,9240714
759,9240785
763,9241411
764,9241433
765,9241434
766,9241482
767,9241555
769,9241679
770,9241891
772,9241901
773,9241902
776,9241987
777,9242016
778,9242087
780,9242271
781,9242295
782,9242310
783,9242431
785,9242443
786,9242443
789,9242861
792,9242895
793,9242897
794,9243087
796,9243111
798,9243159
799,9243162
800,9243204
801,9243213
802,9243275
804,9243351
805,9243475
806,9243624
807,9244012
811,9244208
812,9244296
813,9244320
814,9244357
815,9244366
819,9245484
820,9245549
821,9245551
822,9245609
823,9245621
824,9245623
825,9245629
826,9245661
828,9245746
829,9245749
830,9245749
832,9245764
833,9245765
835,9245800
839,9245851
840,9245864
841,9245889
843,9245900
844,9245906
845,9245911
847,9245948
848,9245949
850,9245957
851,9245958
852,9245959
853,9245962
854,9245966
855,9245969
856,9245973
857,9245981
858,9245983
859,9245986
861,9245999
862,9246000
863,9246001
864,9246004
865,9246008
866,9246009
867,9246010
868,9246011
869,9246014
870,9246025
872,9246045
873,9246047
874,9246069
875,9246078
876,9246089
879,9246106
882,9246149
884,9246308
885,9246309
886,9246461
888,9247116
889,9247344
890,9247344
891,9247368
892,9247613
893,9247650
894,9247650
898,9248217
899,9248281
900,9248281
902,9248411
903,9248412
904,9248428
905,9248441
909,9249025
911,9249264
912,9249277
913,9249315
914,9249334
915,9249354
918,9250168
920,9250210
921,9250266
923,9250520
924,9250528
925,9250585
926,9251117
927,9251822
928,9251868
929,9251886
930,9251901
931,9251903
932,9251910
933,9251912
935,9251922
936,9251934
940,9251965
941,9251989
942,9251989
943,9252013
944,9252016
945,9252017
947,9252027
949,9252050
951,9252082
952,9252084
953,9252092
954,9252093
955,9252097
956,9252098
957,9252103
958,9252108
959,9252114
960,9252117
961,9252158
962,9252160
963,9252161
964,9252190
965,9252192
966,9252194
967,9252200
968,9252207
969,9252211
970,9252214
971,9252218
972,9252220
973,9252223
974,9252224
975,9252226
976,9252227
977,9252248
978,9252251
979,9252261
980,9252266
981,9252268
983,9252276
984,9252279
986,9252283
987,9252285
988,9252286
989,9252287
990,9252289
991,9252290
992,9252291
993,9252306
996,9252328
997,9252335
999,9252367
1001,9252419
1002,9252424
1004,9252496
1006,9252566
1008,9252704
1010,9253587
1011,9254465
1012,9254487
1013,9254505
1014,9254588
1017,9255003
1018,9255007
1019,9255160
1022,9255288
1023,9255317
1024,9255321
1025,9255671
1026,9255838
1027,9255838
1031,9256024
1032,9256110
1033,9256122
1034,9256261
1035,9256523
1036,9256671
1037,9256815
1038,9257196
1039,9257211
1040,9257236
1041,9257236
1042,9257250
1043,9257258
1044,9257258
1045,9257273
1047,9257290
1048,9257303
1051,9257339
1052,9257345
1053,9257349
1054,9257357
1056,9257390
1057,9257391
1058,9257392
1059,9257404
1060,9257432
1062,9257435
1063,9257443
1064,9257446
1066,9257450
1067,9257472
1068,9257494
1069,9257495
1070,9257507
1071,9257509
1072,9257510
1073,9257514
1074,9257524
1077,9257538
1078,9257544
1079,9257545
1081,9257557
1082,9257562
1083,9257563
1084,9257569
1085,9257570
1086,9257574
1087,9257582
1088,9257583
1089,9257594
1090,9257600
1091,9257606
1092,9257610
1093,9257619
1095,9257652
1096,9257695
1097,9257815
1098,9259005
1099,9259390
1100,9259391
1102,9259407
1103,9259468
1104,9259492
1105,9259714
1107,9260305
1109,9260310
1111,9260312
1113,9260573
1115,9260652
1118,9260758
1119,9260781
1120,9261191
1121,9261554
1122,9261722
1123,9262032
1124,9262032
1125,9263113
1126,9263116
1127,9263123
1129,9263125
1130,9263131
1132,9263144
1133,9263152
1135,9263174
1136,9263187
1137,9263190
1138,9263196
1139,9263249
1140,9263259
1143,9263267
1144,9263280
1145,9263291
1146,9263292
1147,9263295
1148,9263313
1149,9263314
1150,9263318
1151,9263319
1152,9263320
1153,9263372
1155,9263383
1156,9263393
1157,9263399
1158,9263403
1159,9263405
1160,9263417
1161,9263448
1162,9263452
1163,9263467
1164,9263469
1165,9263472
1166,9263480
1167,9263507
1168,9263514
1170,9263520
1171,9263525
1172,9263526
1173,9263531
1174,9263534
1176,9263541
1178,9263558
1179,9263561
1180,9263572
1183,9263586
1184,9263590
1185,9263593
1186,9263594
1187,9263600
1190,9263609
1191,9263611
1193,9263613
1195,9263629
1196,9263633
1197,9263637
1199,9263660
1200,9263660
1201,9263682
1202,9263685
1203,9263685
1204,9263686
1205,9263698
1206,9263710
1207,9264795
1208,9264796
1209,9265653
1210,9265653
1211,9265728
1213,9265844
1214,9265844
1215,9266033
1216,9266172
1217,9266261
1218,9266311
1219,9266725
1223,9266781
1224,9266998
1225,9267002
1226,9267004
1227,9267051
1228,9267071
1229,9267081
1231,9267199
1233,9267664
1234,9267852
1235,9267853
1239,9267894
1241,9267919
1244,9268188
1245,9268221
1246,9268230
1247,9268346
1249,9268451
1250,9268637
1251,9269315
1252,9269419
1255,9269504
1256,9269523
1257,9269523
1260,9269579
1261,9269581
1262,9269618
1263,9269622
1266,9269665
1267,9269691
1268,9269718
1269,9269728
1270,9269730
1271,9269733
1272,9269734
1273,9269735
1274,9269755
1276,9269765
1277,9269774
1278,9269780
1279,9269781
1280,9269782
1281,9269794
1283,9269797
1284,9269798
1285,9269817
1286,9269821
1287,9269823
1288,9269825
1289,9269839
1291,9269898
1292,9269947
1293,9269959
1294,9269959
1297,9271389
1298,9271789
1299,9271926
1300,9271933
1302,9271936
1305,9272077
1306,9272134
1307,9272134
1308,9272158
1310,9272334
1313,9272976
1316,9273219
1317,9273244
1318,9273248
1319,9273305
1322,9273387
1324,9273410
1325,9273412
1326,9273412
1327,9273414
1328,9273851
1329,9273865
1330,9274008
1331,9274009
1332,9274049
1333,9274053
1334,9274058
1336,9274179
1337,9274264
1338,9274294
1339,9274372
1340,9274398
1341,9274460
1343,9275322
1344,9275710
1345,9275737
1346,9275739
1347,9275741
1348,9275745
1350,9275773
1351,9275775
1352,9275797
1353,9275844
1354,9275855
1356,9275863
1357,9275864
1360,9275896
1362,9275926
1363,9275928
1364,9275956
1366,9275996
1367,9276014
1368,9276015
1369,9276039
1370,9276048
1371,9276050
1372,9276064
1373,9276065
1374,9276066
1375,9276068
1377,9276076
1378,9276078
1379,9276091
1380,9276095
1381,9276099
1382,9276100
1383,9276106
1384,9276120
1385,9276121
1386,9276122
1387,9276123
1388,9276124
1389,9276125
1390,9276126
1391,9276127
1392,9276128
1393,9276139
1394,9276144
1395,9276145
1397,9276168
1398,9276172
1399,9276186
1400,9276197
1401,9276210
1403,9276210
1404,9276213
1406,9276216
1407,9276234
1408,9276245
1410,9276305
1411,9276326
1412,9276379
1413,9276381
1415,9276564
1417,9277607
1418,9277697
1420,9278055
1421,9278055
1423,9278113
1424,9278137
1425,9278137
1426,9278318
1429,9278392
1432,9278502
1433,9278848
1437,9278856
1438,9278862
1439,9278993
1440,9279046
1441,9279153
1443,9279203
1444,9279767
1445,9279785
1446,9279804
1450,9280044
1451,9280049
1453,9280463
1454,9280635
1455,9281016
1456,9281059
1457,9281059
1459,9281191
1460,9281194
1461,9281204
1462,9281216
1463,9281233
1464,9281267
1465,9281276
1466,9281298
1467,9281300
1469,9281322
1470,9281327
1471,9281353
1472,9281355
1473,9281358
1475,9281373
1476,9281383
1477,9281384
1480,9281406
1481,9281407
1482,9281409
1483,9281410
1484,9281412
1485,9281427
1486,9281433
1487,9281447
1490,9281472
1491,9281486
1492,9281518
1493,9282634
1496,9283185
1498,9283211
1499,9283501
1501,9283570
1502,9283619
1504,9283657
1506,9283748
1508,9284186
1510,9284191
1511,9284193
1512,9284259
1513,9284381
1514,9284389
1517,9284440
1518,9284445
1522,9284601
1525,9284682
1529,9285336
1533,9285729
1534,9285737
1535,9286024
1539,9286949
1540,9286968
1541,9286981
1543,9287052
1544,9287053
1545,9287108
1549,9287168
1550,9287189
1551,9287214
1552,9287256
1553,9287259
1554,9287266
1555,9287267
1557,9287276
1558,9287279
1559,9287287
1560,9287288
1561,9287292
1562,9287297
1563,9287313
1564,9287314
1567,9287328
1568,9287345
1569,9287352
1572,9287365
1573,9287374
1574,9287381
1575,9287381
1577,9287388
1578,9287390
1579,9287395
1580,9287396
1581,9287400
1582,9287405
1583,9287407
1584,9287408
1585,9287410
1586,9287411
1587,9287429
1589,9287435
1590,9287436
1593,9287456
1594,9287464
1597,9287499
1599,9287522
1600,9287541
1601,9287553
1602,9287561
1604,9288564
1605,9289131
1606,9289360
1607,9289390
1613,9289517
1615,9289753
1616,9289937
1617,9290380
1620,9290389
1624,9290650
1626,9290665
1629,9290693
1630,9290695
1631,9290806
1634,9290856
1636,9291499
1640,9291620
1642,9291836
1643,9291870
1645,9292953
1646,9292954
1648,9293177
1649,9293212
1651,9293233
1652,9293238
1655,9293347
1656,9293348
1657,9293349
1658,9293359
1659,9293363
1660,9293381
1661,9293401
1663,9293436
1664,9293446
1665,9293455
1667,9293470
1668,9293478
1669,9293480
1670,9293484
1671,9293496
1673,9293508
1674,9293532
1675,9293536
1676,9293542
1677,9293545
1679,9293548
1680,9293553
1681,9293555
1683,9293562
1684,9293563
1685,9293564
1686,9293566
1688,9293572
1690,9293578
1691,9293590
1692,9293592
1693,9293595
1695,9293597
1696,9293599
1697,9293600
1698,9293602
1699,9293603
1700,9293655
1701,9293658
1702,9293683
1703,9293703
1704,9293717
1706,9293719
1708,9293736
1710,9293762
1711,9293770
1713,9293892
1714,9295153
1715,9295153
1716,9295266
1717,9295649
1718,9295651
1720,9295727
1721,9295736
1722,9295748
1723,9295750
1724,9295759
1725,9295759
1726,9295762
1728,9296043
1730,9296154
1731,9296563
1735,9296618
1736,9296623
1737,9296626
1738,9296651
1742,9296870
1743,9296891
1746,9296925
1748,9297013
1749,9297062
1750,9297074
1751,9297092
1753,9297115
1755,9297768
1759,9297912
1760,9298039
1761,9298080
1764,9299296
1766,9299393
1767,9299426
1768,9299427
1769,9299470
1771,9299474
1772,9299494
1773,9299526
1776,9299569
1778,9299576
1779,9299578
1780,9299579
1782,9299603
1783,9299604
1784,9299608
1785,9299629
1786,9299632
1787,9299637
1788,9299649
1789,9299654
1790,9299675
1791,9299701
1794,9299715
1795,9299720
1796,9299723
1797,9299724
1798,9299732
1799,9299771
1800,9299772
1801,9299777
1803,9299786
1805,9299790
1806,9299807
1807,9299808
1808,9299814
1809,9299825
1811,9299852
1813,9299854
1814,9299865
1815,9299914
1819,9299992
1820,9300115
1821,9300308
1822,9300885
1824,9301340
1825,9301380
1831,9302228
1832,9302241
1833,9302258
1834,9302260
1836,9302635
1837,9302908
1842,9303153
1843,9303171
1845,9303223
1847,9303273
1850,9303312
1852,9303818
1853,9303834
1855,9304042
1856,9304072
1858,9304124
1862,9304310
1863,9304371
1865,9305045
1866,9305475
1867,9305571
1868,9305614
1870,9305637
1871,9305652
1872,9305674
1873,9305676
1876,9305756
1877,9305773
1878,9305774
1883,9305783
1884,9305788
1886,9305824
1888,9305840
1889,9305858
1890,9305859
1891,9305864
1893,9305875
1894,9305888
1895,9305891
1896,9305912
1898,9305925
1900,9305930
1901,9305934
1902,9305937
1903,9305939
1904,9305940
1905,9305942
1906,9305945
1907,9305952
1908,9305960
1909,9305969
1910,9305978
1911,9305978
1912,9305994
1913,9305996
1915,9306006
1916,9306007
1917,9306019
1919,9306024
1920,9306025
1921,9306027
1923,9306051
1924,9306052
1925,9306053
1926,9306062
1927,9306074
1928,9306075
1929,9306076
1930,9306078
1931,9306079
1932,9306083
1934,9306108
1935,9306109
1936,9306111
1937,9306141
1938,9306145
1942,9306184
1944,9306373
1945,9306593
1946,9306646
1947,9306671
1948,9306672
1949,9307578
1950,9307616
1953,9307676
1957,9308172
1958,9308179
1959,9308180
1960,9308243
1961,9308265
1964,9308280
1967,9308705
1969,9308729
1970,9308731
1971,9309027
1973,9309122
1974,9309126
1975,9309205
1976,9309337
1978,9309376
1980,9309421
1981,9309432
1982,9309440
1983,9309494
1984,9309494
1985,9309582
1987,9309597
1989,9310332
1990,9310352
1994,9310626
1995,9310643
1996,9310680
1997,9311737
1998,9311968
2001,9311993
2002,9312046
2005,9312078
2006,9312089
2007,9312089
2008,9312127
2009,9312130
2011,9312134
2012,9312151
2013,9312156
2014,9312165
2015,9312186
2016,9312195
2017,9312197
2018,9312207
2019,9312210
2020,9312215
2021,9312225
2022,9312241
2025,9312267
2027,9312271
2028,9312276
2029,9312291
2030,9312294
2031,9312295
2032,9312296
2033,9312324
2035,9312337
2036,9312340
2037,9312349
2038,9312353
2039,9312368
2041,9312379
2042,9312385
2043,9312392
2044,9312393
2045,9312394
2046,9312395
2047,9312396
2048,9312401
2049,9312405
2050,9312408
2051,9312422
2054,9312444
2055,9312477
2056,9312501
2057,9312507
2058,9312659
2059,9312663
2060,9312885
2061,9313393
2062,9313418
2063,9313580
2065,9314027
2066,9314520
2068,9314675
2074,9315058
2078,9315424
2079,9315437
2084,9315691
2085,9315703
2086,9315796
2089,9316355
2090,9316547
2091,9316589
2092,9316604
2096,9316645
2097,9316777
2098,9317451
2100,9317922
2101,9318164
2102,9318178
2103,9318196
2104,9318201
2105,9318214
2108,9318295
2109,9318317
2110,9318325
2111,9318330
2112,9318340
2113,9318353
2114,9318373
2115,9318374
2116,9318404
2117,9318418
2118,9318461
2119,9318462
2120,9318471
2124,9318500
2125,9318503
2126,9318506
2127,9318507
2128,9318512
2129,9318513
2130,9318526
2131,9318532
2132,9318547
2133,9318548
2135,9318555
2137,9318565
2139,9318577
2140,9318600
2141,9318604
2142,9318610
2143,9318611
2144,9318612
2145,9318613
2146,9318615
2147,9318616
2149,9318628
2153,9318644
2154,9318645
2155,9318649
2156,9318652
2157,9318654
2159,9318720
2160,9318763
2161,9318784
2164,9318874
2165,9319569
2167,9320387
2168,9320713
2169,9320714
2173,9320827
2175,9321078
2176,9321214
2178,9321352
2180,9321651
2181,9321675
2183,9321700
2184,9321894
2185,9321919
2186,9321919
2187,9321920
2189,9321936
2190,9321947
2192,9322024
2194,9322096
2196,9322116
2197,9322133
2198,9322134
2199,9322258
2204,9322848
2207,9323115
2208,9323119
2209,9323127
2210,9323189
2213,9324401
2214,9324406
2215,9324422
2216,9324427
2217,9324431
2218,9324446
2219,9324459
2221,9324505
2224,9324572
2225,9324587
2226,9324589
2227,9324622
2230,9324658
2231,9324692
2233,9324699
2235,9324711
2237,9324723
2238,9324725
2239,9324726
2240,9324728
2241,9324729
2242,9324733
2243,9324734
2244,9324736
2245,9324740
2246,9324741
2247,9324743
2248,9324744
2249,9324753
2250,9324757
2251,9324795
2252,9324796
2253,9324797
2256,9324806
2257,9324808
2258,9324810
2260,9324816
2261,9324825
2262,9324826
2263,9324837
2267,9324860
2268,9324861
2269,9324862
2270,9324865
2271,9324871
2273,9324873
2274,9324874
2275,9324875
2276,9324876
2277,9324878
2278,9324879
2279,9324880
2280,9324882
2281,9324882
2282,9324883
2283,9324897
2285,9324902
2286,9324903
2287,9324909
2288,9324913
2289,9324916
2290,9324918
2293,9324960
2294,9324964
2296,9324998
2298,9325259
2299,9325321
2301,9326326
2302,9326590
2303,9326941
2304,9326950
2305,9327037
2306,9327038
2307,9327226
2309,9327314
2310,9327848
2311,9327966
2314,9327982
2316,9327993
2317,9328015
2318,9328149
2319,9328191
2320,9328198
2321,9328239
2324,9328255
2326,9328258
2332,9328788
2333,9329039
2335,9329148
2337,9329201
2338,9329203
2339,9329224
2340,9329310
2341,9329320
2342,9329445
2343,9329448
2344,9329448
2345,9329477
2346,9329507
2347,9330295
2348,9330739
2349,9330757
2350,9330761
2351,9330762
2352,9330764
2353,9330768
2354,9330772
2355,9330774
2356,9330790
2358,9330877
2360,9330909
2361,9330922
2362,9330925
2363,9330936
2364,9330940
2366,9330964
2367,9330970
2368,9330982
2370,9331036
2371,9331044
2373,9331063
2374,9331071
2376,9331077
2377,9331093
2378,9331100
2379,9331108
2380,9331112
2381,9331126
2383,9331151
2384,9331152
2385,9331156
2386,9331163
2387,9331165
2388,9331167
2389,9331180
2390,9331186
2391,9331190
2394,9331206
2395,9331207
2396,9331207
2397,9331208
2398,9331212
2399,9331216
2401,9331251
2402,9331271
2403,9331273
2405,9331298
2406,9331300
2407,9331323
2408,9331341
2412,9331603
2413,9331607
2414,9331695
2416,9332632
2417,9332649
2418,9333063
2420,9333163
2421,9333179
2423,9333181
2426,9333465
2427,9334162
2428,9334168
2431,9334337
2432,9334350
2436,9334469
2437,9334474
2438,9334474
2439,9334530
2440,9335023
2445,9335689
2446,9336882
2447,9336895
2448,9336905
2450,9336919
2451,9336947
2454,9336993
2455,9337016
2457,9337026
2459,9337036
2461,9337056
2463,9337060
2464,9337068
2465,9337077
2466,9337081
2467,9337083
2468,9337093
2470,9337121
2471,9337142
2472,9337147
2474,9337180
2475,9337187
2476,9337197
2477,9337203
2478,9337208
2479,9337212
2480,9337220
2481,9337226
2482,9337230
2484,9337234
2486,9337239
2487,9337243
2488,9337251
2490,9337264
2492,9337273
2493,9337274
2494,9337275
2495,9337276
2497,9337280
2498,9337282
2499,9337283
2500,9337288
2501,9337300
2502,9337305
2503,9337308
2504,9337312
2505,9337319
2506,9337321
2507,9337325
2508,9337326
2509,9337327
2510,9337331
2511,9337334
2513,9337342
2514,9337343
2515,9337345
2516,9337346
2517,9337347
2518,9337355
2519,9337361
2520,9337364
2522,9337389
2523,9337420
2524,9337435
2526,9337490
2527,9337617
2528,9338350
2529,9338377
2530,9338890
2531,9338927
2532,9339398
2533,9339476
2534,9339485
2537,9339770
2540,9339807
2541,9339807
2542,9339952
2544,9340001
2545,9340410
2546,9340411
2550,9340430
2551,9340442
2553,9340616
2554,9340637
2555,9340692
2558,9340738
2559,9340831
2560,9340831
2561,9340834
2564,9340900
2566,9340904
2568,9341166
2569,9341166
2570,9341185
2572,9341589
2575,9341763
2576,9341773
2578,9341943
2579,9341995
2580,9342269
2581,9343089
2583,9343115
2585,9343152
2586,9343161
2587,9343186
2590,9343203
2591,9343292
2593,9343296
2594,9343301
2596,9343304
2597,9343308
2598,9343314
2599,9343315
2601,9343319
2603,9343331
2604,9343336
2605,9343356
2606,9343365
2608,9343373
2609,9343376
2610,9343395
2611,9343401
2612,9343402
2613,9343405
2615,9343467
2616,9343470
2617,9343473
2619,9343487
2620,9343490
2622,9343495
2623,9343498
2624,9343501
2625,9343503
2626,9343508
2627,9343517
2628,9343527
2631,9343533
2632,9343534
2634,9343541
2636,9343548
2639,9343565
2640,9343570
2641,9343577
2642,9343579
2643,9343580
2644,9343581
2645,9343583
2646,9343584
2647,9343585
2648,9343586
2649,9343606
2650,9343617
2651,9343620
2652,9343625
2653,9343650
2656,9343746
2660,9345137
2667,9346214
2668,9346238
2669,9346577
2670,9346676
2673,9346686
2674,9346897
2676,9346986
2677,9346998
2678,9347086
2679,9347119
2680,9347123
2684,9347312
2687,9347834
2690,9347911
2691,9347923
2692,9347929
2693,9347939
2695,9348075
2697,9348189
2698,9348217
2699,9348228
2701,9348464
2703,9349442
2704,9349453
2705,9349463
2709,9349593
2710,9349597
2711,9349600
2713,9349644
2714,9349678
2716,9349685
2718,9349694
2719,9349719
2720,9349722
2722,9349738
2723,9349743
2724,9349750
2725,9349750
2726,9349751
2727,9349752
2728,9349759
2729,9349760
2731,9349794
2732,9349796
2735,9349811
2736,9349816
2737,9349826
2738,9349843
2739,9349844
2740,9349847
2741,9349849
2742,9349853
2743,9349855
2745,9349860
2746,9349869
2747,9349870
2748,9349871
2749,9349874
2750,9349875
2751,9349876
2752,9349889
2753,9349900
2754,9349910
2756,9349940
2757,9349942
2758,9349946
2759,9349951
2760,9349951
2762,9349962
2763,9349965
2765,9349975
2767,9350028
2768,9350028
2769,9350140
2770,9350369
2771,9350372
2772,9351423
2773,9351910
2774,9351933
2778,9352283
2779,9352302
2780,9352315
2782,9352512
2783,9352513
2785,9352955
2788,9352969
2789,9353037
2791,9353122
2792,9353123
2794,9353240
2795,9353250
2796,9353258
2797,9353272
2798,9353276
2801,9353434
2802,9353443
2803,9353445
2805,9353449
2807,9353461
2808,9353740
2810,9354332
2811,9354348
2813,9354394
2814,9354465
2815,9354480
2816,9354509
2817,9354510
2818,9355631
2819,9355714
2820,9355719
2821,9355722
2822,9355727
2823,9355731
2826,9355825
2827,9355825
2828,9355828
2830,9355842
2831,9355844
2833,9355846
2834,9355848
2835,9355849
2836,9355861
2837,9355890
2838,9355900
2841,9355915
2842,9355916
2843,9355930
2844,9355933
2845,9355943
2846,9355955
2847,9355971
2848,9355987
2851,9356030
2852,9356032
2853,9356037
2854,9356040
2855,9356052
2856,9356058
2858,9356093
2859,9356098
2861,9356106
2862,9356110
2863,9356111
2864,9356120
2865,9356123
2866,9356138
2869,9356161
2872,9356171
2874,9356204
2875,9356217
2879,9356281
2880,9356287
2882,9356429
2884,9356601
2885,9357186
2888,9358215
2889,9358307
2890,9358308
2891,9358310
2894,9358581
2897,9359189
2898,9359202
2899,9359206
2900,9359206
2903,9359210
2905,9359212
2906,9359222
2908,9359249
2910,9359265
2911,9359334
2912,9359396
2914,9359484
2915,9359494
2916,9359504
2917,9359504
2918,9359511
2919,9359546
2922,9359671
2923,9359674
2926,9359721
2928,9360375
2934,9360597
2935,9360614
2937,9360922
2939,9361913
2940,9361967
2941,9361995
2944,9362034
2946,9362079
2947,9362079
2948,9362080
2949,9362080
2950,9362081
2951,9362109
2952,9362113
2953,9362133
2954,9362136
2955,9362161
2956,9362175
2959,9362190
2960,9362201
2961,9362241
2962,9362242
2963,9362273
2964,9362287
2966,9362293
2967,9362298
2968,9362307
2969,9362308
2970,9362312
2971,9362313
2972,9362318
2973,9362321
2974,9362324
2975,9362328
2976,9362353
2978,9362359
2980,9362365
2981,9362368
2982,9362373
2983,9362376
2985,9362380
2987,9362391
2988,9362392
2989,9362394
2990,9362396
2991,9362401
2992,9362408
2993,9362411
2994,9362411
2995,9362413
2996,9362416
2997,9362417
2999,9362439
3000,9362450
3001,9362450
3002,9362475
3003,9362487
3004,9362498
3005,9362500
3007,9362513
3008,9362528
3010,9362549
3011,9362563
3012,9362567
3013,9362568
3014,9362569
3015,9362569
3016,9362719
3017,9362921
3019,9364004
3020,9364312
3021,9364434
3022,9364438
3023,9364587
3024,9364795
3025,9364820
3027,9365020
3028,9365429
3029,9365513
3031,9365701
3033,9365729
3034,9365803
3038,9365867
3039,9365921
3040,9365926
3042,9365951
3043,9365978
3044,9366647
3045,9366664
3046,9366713
3047,9366787
3048,9366886
3049,9366896
3050,9366920
3051,9366922
3052,9366930
3053,9366931
3054,9366933
3055,9366971
3056,9368084
3057,9368160
3059,9368175
3060,9368177
3062,9368194
3063,9368196
3065,9368213
3067,9368236
3068,9368251
3070,9368291
3071,9368339
3072,9368354
3073,9368359
3074,9368360
3076,9368374
3077,9368393
3078,9368394
3079,9368399
3080,9368403
3081,9368409
3082,9368430
3085,9368459
3086,9368463
3087,9368480
3089,9368493
3090,9368501
3091,9368504
3092,9368509
3093,9368515
3094,9368516
3095,9368517
3096,9368518
3097,9368525
3098,9368532
3099,9368544
3100,9368551
3101,9368555
3102,9368558
3104,9368579
3108,9368590
3109,9368598
3110,9368607
3111,9368609
3112,9368625
3113,9368631
3114,9368633
3115,9368635
3116,9368636
3117,9368638
3118,9368640
3119,9368641
3120,9368661
3123,9368676
3124,9368678
3125,9368693
3126,9368702
3129,9368738
3130,9368789
3131,9368793
3132,9368820
3136,9368990
3137,9369105
3138,9369132
3140,9370202
3141,9370473
3142,9370486
3144,9370494
3145,9370589
3146,9370607
3147,9370607
3148,9370824
3151,9371338
3152,9371441
3153,9371445
3156,9371452
3157,9371478
3160,9371561
3163,9372241
3164,9372285
3166,9372379
3167,9372393
3169,9372402
3170,9373274
3172,9373390
3173,9373402
3175,9373421
3177,9373475
3178,9373475
3179,9373476
3180,9373476
3181,9373477
3182,9373477
3183,9373487
3184,9373498
3185,9373514
3186,9373523
3187,9373540
3189,9373589
3190,9373595
3191,9373606
3192,9373623
3193,9373630
3194,9373634
3195,9373648
3196,9373658
3197,9373666
3198,9373676
3199,9373679
3202,9373707
3203,9373714
3205,9373723
3206,9373733
3208,9373736
3210,9373742
3211,9373749
3212,9373834
3215,9373843
3217,9373863
3218,9373896
3219,9373931
3220,9373936
3221,9374877
3222,9374955
3224,9375449
3225,9375481
3227,9375516
3229,9375684
3230,9375790
3232,9375877
3234,9375903
3235,9375980
3236,9376468
3238,9376583
3239,9376593
3241,9376616
3245,9376750
3247,9377364
3248,9377431
3249,9377432
3254,9377644
3255,9377679
3256,9377682
3257,9377684
3258,9378089
3259,9378314
3263,9378819
3266,9378876
3267,9378880
3268,9378900
3269,9378942
3270,9378944
3271,9378957
3272,9378962
3274,9378981
3277,9379000
3278,9379060
3280,9379113
3281,9379124
3282,9379125
3283,9379127
3284,9379129
3285,9379130
3286,9379131
3287,9379136
3288,9379141
3289,9379147
3290,9379150
3291,9379159
3293,9379165
3294,9379166
3295,9379178
3296,9379182
3297,9379192
3298,9379200
3299,9379205
3300,9379216
3301,9379223
3303,9379229
3304,9379232
3305,9379234
3306,9379239
3307,9379245
3308,9379247
3309,9379248
3310,9379249
3311,9379250
3312,9379252
3313,9379254
3314,9379256
3315,9379260
3316,9379272
3318,9379326
3319,9379332
3323,9379522
3326,9380232
3328,9380692
3329,9381056
3330,9381138
3331,9381248
3332,9381255
3333,9381325
3335,9381449
3336,9381471
3338,9381477
3339,9381494
3340,9381496
3341,9381509
3342,9381541
3344,9382108
3346,9382163
3348,9382268
3350,9382394
3352,9382449
3353,9382473
3354,9382481
3355,9382548
3356,9382579
3358,9382611
3359,9382624
3361,9382626
3364,9383143
3365,9383299
3366,9383340
3367,9383387
3368,9383637
3369,9383821
3370,9383822
3371,9384065
3373,9384439
3374,9384788
3375,9384851
3376,9384860
3378,9384865
3379,9384867
3380,9384868
3382,9384875
3384,9384894
3385,9384904
3387,9384942
3390,9384976
3391,9384979
3392,9384980
3393,9384989
3394,9384991
3395,9385006
3396,9385040
3397,9385043
3398,9385053
3399,9385081
3400,9385089
3401,9385114
3404,9385137
3405,9385146
3406,9385148
3407,9385151
3408,9385169
3409,9385170
3411,9385177
3413,9385190
3414,9385192
3416,9385209
3418,9385226
3419,9385230
3420,9385238
3422,9385245
3423,9385262
3424,9385277
3425,9385280
3427,9385294
3428,9385342
3429,9385363
3430,9385366
3433,9386206
3434,9386673
3439,9387225
3440,9387265
3441,9387444
3442,9387452
3443,9387489
3445,9387508
3446,9388038
3447,9388040
3450,9388085
3451,9388261
3452,9388298
3453,9388306
3454,9388311
3455,9388323
3457,9388491
3459,9388513
3460,9388640
3461,9389217
3463,9389319
3464,9389339
3465,9389353
3466,9389477
3468,9389526
3469,9390215
3472,9390781
3474,9390794
3475,9390796
3476,9390799
3477,9390802
3478,9390811
3480,9390828
3481,9390830
3482,9390835
3483,9390839
3484,9390845
3485,9390856
3486,9390860
3487,9390864
3488,9390907
3489,9390907
3491,9390918
3493,9390920
3496,9390951
3497,9390960
3499,9390972
3500,9390978
3502,9390990
3503,9391022
3504,9391023
3505,9391031
3506,9391035
3507,9391051
3508,9391070
3510,9391086
3514,9391096
3515,9391097
3516,9391103
3517,9391114
3518,9391157
3520,9391165
3522,9391168
3523,9391178
3525,9391183
3526,9391187
3527,9391207
3528,9391212
3529,9391218
3530,9391229
3531,9391244
3534,9391268
3535,9391287
3539,9392794
3540,9392795
3541,9393164
3543,9393215
3544,9393216
3547,9393295
3549,9393310
3550,9393318
3552,9393462
3555,9393720
3556,9393767
3557,9393767
3558,9393838
3561,9394166
3562,9394176
3563,9394176
3565,9394199
3569,9394471
3570,9394481
3571,9394514
3573,9394624
3574,9394625
3575,9394625
3576,9394627
3579,9395258
3581,9395324
3582,9395352
3583,9395353
3585,9395402
3586,9395425
3587,9396079
3589,9396393
3590,9396703
3591,9396773
3592,9396775
3593,9396776
3594,9396799
3595,9396809
3596,9396811
3597,9396818
3600,9396853
3602,9396927
3603,9396928
3604,9396934
3608,9396958
3609,9396959
3610,9396963
3611,9396970
3612,9396985
3613,9397026
3614,9397043
3615,9397044
3616,9397063
3617,9397088
3620,9397109
3621,9397111
3622,9397113
3624,9397126
3625,9397127
3626,9397133
3628,9397135
3629,9397136
3630,9397140
3631,9397142
3632,9397144
3633,9397149
3635,9397153
3636,9397155
3637,9397159
3638,9397167
3639,9397170
3641,9397186
3643,9397194
3644,9397200
3645,9397204
3647,9397225
3650,9397255
3651,9397282
3652,9397289
3653,9397294
3654,9397305
3655,9397305
3656,9397306
3657,9397306
3660,9397341
3661,9397342
3662,9397472
3664,9397649
3665,9397665
3666,9397955
3667,9398238
3668,9398733
3669,9398733
3672,9399015
3673,9399055
3674,9399063
3675,9399071
3676,9399072
3679,9399318
3680,9399357
3681,9399374
3682,9399391
3684,9399719
3685,9399736
3686,9399756
3688,9399816
3691,9399829
3692,9399829
3693,9399840
3694,9400172
3695,9400346
3696,9400422
3699,9400957
3701,9401191
3702,9401192
3703,9401202
3704,9401218
3705,9401219
3707,9401244
3708,9401247
3709,9401289
3710,9401301
3711,9401304
3712,9401314
3713,9401342
3714,9401345
3715,9401358
3717,9401371
3718,9401388
3719,9401396
3720,9401396
3721,9401398
3722,9401400
3723,9401400
3724,9401409
3725,9401414
3726,9401418
3729,9401444
3730,9401478
3731,9401486
3734,9401489
3737,9401514
3738,9401584
3739,9401714
3743,9402724
3744,9402816
3745,9402910
3746,9402926
3748,9403115
3749,9403121
3750,9403126
3751,9403126
3752,9403180
3753,9403190
3755,9403712
3756,9403723
3758,9403996
3759,9404002
3760,9404010
3761,9404030
3762,9404088
3763,9404106
3764,9404181
3766,9404807
3768,9404839
3769,9404880
3770,9404909
3772,9405065
3773,9405146
3774,9405163
3775,9405201
3776,9405231
3777,9405883
3779,9406398
3780,9406418
3781,9406446
3782,9406481
3783,9406481
3784,9406485
3788,9406583
3789,9406614
3790,9406625
3791,9406628
3792,9406651
3793,9406666
3794,9406671
3795,9406672
3796,9406691
3797,9406694
3798,9406700
3799,9406703
3800,9406704
3801,9406705
3802,9406706
3804,9406709
3806,9406722
3807,9406726
3808,9406727
3809,9406736
3810,9406743
3812,9406753
3813,9406759
3814,9406760
3815,9406761
3816,9406768
3817,9406772
3818,9406773
3819,9406780
3820,9406785
3821,9406786
3822,9406787
3823,9406790
3824,9406799
3825,9406806
3826,9406807
3827,9406808
3828,9406809
3829,9406811
3830,9406814
3832,9406824
3833,9406836
3838,9406887
3839,9406888
3840,9407065
3841,9407067
3843,9408588
3845,9408921
3846,9408951
3848,9409102
3849,9409131
3850,9409141
3851,9409145
3853,9409847
3854,9409955
3855,9409997
3857,9410041
3858,9410079
3859,9410082
3860,9410233
3861,9410239
3862,9410243
3864,9410468
3865,9410645
3866,9410843
3867,9410873
3869,9410934
3870,9410947
3871,9410949
3873,9411022
3875,9411076
3876,9411097
3877,9411188
3878,9411208
3879,9411282
3880,9411696
3881,9411922
3882,9412060
3883,9412074
3885,9412435
3886,9412442
3887,9412459
3890,9412597
3892,9412614
3893,9412642
3895,9412683
3897,9412710
3898,9412747
3899,9412750
3900,9412752
3901,9412754
3902,9412756
3903,9412760
3904,9412760
3905,9412762
3906,9412763
3907,9412765
3908,9412766
3909,9412768
3910,9412771
3911,9412773
3912,9412778
3913,9412785
3914,9412788
3915,9412791
3916,9412798
3918,9412812
3921,9412817
3923,9412851
3924,9412852
3926,9412857
3927,9412866
3928,9412867
3929,9412876
3930,9412877
3933,9412909
3934,9412916
3935,9412928
3936,9412938
3937,9412977
3938,9412986
3939,9413003
3940,9413004
3941,9413006
3942,9413007
3943,9413063
3944,9413075
3947,9415002
3948,9415006
3950,9415020
3952,9415065
3955,9415070
3956,9415084
3957,9415109
3958,9415123
3959,9415268
3960,9415326
3961,9415328
3962,9415373
3963,9415442
3964,9415464
3970,9416216
3971,9416290
3972,9416311
3974,9416818
3975,9416927
3976,9416948
3977,9417135
3978,9417141
3981,9417209
3983,9417263
3984,9417264
3985,9417302
3986,9417370
3989,9417497
3991,9417523
3992,9417527
3993,9417576
3994,9418594
3995,9418710
3996,9418737
3997,9418748
3999,9418770
4001,9418834
4002,9418837
4004,9418840
4005,9418845
4006,9418854
4007,9418861
4008,9418887
4010,9418910
4011,9418916
4013,9418938
4015,9418963
4017,9418996
4019,9419020
4020,9419026
4022,9419082
4025,9419113
4026,9419119
4027,9419132
4028,9419133
4029,9419143
4030,9419146
4031,9419151
4032,9419152
4033,9419174
4034,9419195
4037,9419216
4038,9419216
4039,9419234
4040,9419315
4041,9420800
4042,9420953
4045,9421259
4046,9421260
4047,9421261
4049,9421394
4050,9421514
4051,9421519
4055,9422149
4057,9422158
4059,9422165
4060,9422189
4062,9422234
4064,9422297
4065,9422413
4066,9422426
4067,9422435
4069,9422607
4071,9422628
4072,9422997
4073,9423083
4074,9423118
4076,9423303
4077,9423375
4079,9423416
4080,9423533
4081,9423541
4082,9423662
4084,9424387
4085,9424829
4086,9424872
4087,9424901
4088,9424913
4089,9424915
4090,9424923
4092,9424965
4093,9424991
4094,9424993
4096,9425044
4097,9425045
4098,9425051
4099,9425055
4101,9425071
4102,9425073
4103,9425080
4104,9425130
4106,9425153
4107,9425202
4108,9425205
4109,9425207
4110,9425211
4111,9425214
4112,9425215
4113,9425216
4114,9425217
4115,9425220
4116,9425223
4117,9425224
4119,9425248
4120,9425251
4121,9425253
4123,9425264
4124,9425271
4125,9425277
4127,9425295
4128,9425299
4129,9425307
4130,9425318
4131,9425322
4134,9425335
4135,9425344
4136,9425344
4138,9425365
4139,9425375
4140,9425380
4141,9425387
4144,9425436
4145,9425436
4146,9425462
4148,9425917
4149,9426896
4150,9427354
4151,9427467
4153,9427497
4155,9427779
4156,9427805
4157,9428342
4158,9428383
4160,9428395
4162,9428604
4165,9428691
4166,9428708
4169,9428805
4172,9428847
4174,9428849
4175,9429536
4176,9429544
4177,9429561
4178,9429570
4180,9429685
4181,9429769
4182,9429861
4183,9431076
4185,9431148
4186,9431159
4187,9431219
4188,9431234
4189,9431244
4191,9431270
4193,9431285
4195,9431331
4196,9431345
4197,9431346
4198,9431362
4199,9431388
4200,9431400
4201,9431409
4202,9431412
4204,9431419
4205,9431427
4206,9431428
4207,9431429
4208,9431430
4209,9431435
4210,9431440
4211,9431448
4212,9431451
4213,9431460
4214,9431465
4215,9431468
4217,9431479
4218,9431482
4219,9431483
4222,9431498
4223,9431501
4224,9431512
4225,9431517
4227,9431534
4228,9431539
4229,9431543
4230,9431544
4231,9431545
4232,9431556
4233,9431567
4234,9431570
4236,9431593
4238,9431609
4241,9431623
4242,9431628
4245,9431655
4246,9431795
4247,9432026
4251,9433573
4252,9433574
4253,9433673
4254,9433676
4255,9433677
4256,9433678
4257,9433682
4259,9433703
4260,9433703
4262,9433801
4263,9433801
4266,9433967
4267,9434006
4270,9434178
4271,9434602
4272,9434607
4273,9434640
4274,9434679
4276,9434815
4277,9434815
4279,9434834
4280,9434862
4281,9434905
4283,9434981
4285,9434990
4286,9435026
4287,9435034
4288,9435198
4290,9435667
4292,9435692
4293,9435737
4294,9435784
4297,9435821
4298,9435896
4299,9435933
4300,9436079
4302,9436846
4303,9437255
4305,9437296
4306,9437301
4307,9437308
4308,9437346
4311,9437391
4312,9437391
4313,9437416
4314,9437417
4315,9437425
4316,9437428
4317,9437435
4318,9437437
4319,9437454
4320,9437462
4321,9437476
4322,9437490
4323,9437492
4325,9437501
4327,9437533
4328,9437562
4329,9437568
4331,9437584
4333,9437594
4334,9437599
4335,9437606
4336,9437610
4337,9437622
4338,9437623
4340,9437635
4341,9437636
4342,9437637
4343,9437643
4344,9437651
4345,9437656
4346,9437661
4347,9437669
4348,9437677
4349,9437678
4350,9437678
4351,9437682
4352,9437689
4354,9437695
4355,9437699
4356,9437700
4357,9437716
4358,9437719
4359,9437724
4360,9437728
4361,9437732
4362,9437735
4363,9437736
4364,9437737
4365,9437741
4366,9437742
4367,9437743
4368,9437744
4369,9437746
4370,9437747
4371,9437748
4372,9437750
4374,9437768
4376,9437794
4377,9437795
4378,9437871
4380,9438010
4381,9438834
4382,9439285
4384,9439837
4386,9439859
4388,9439964
4389,9439965
4392,9439978
4393,9440067
4394,9440067
4395,9440221
4396,9440259
4397,9440475
4398,9440847
4401,9440854
4402,9440885
4403,9441019
4404,9441061
4405,9441076
4406,9441087
4407,9441120
4409,9441133
4410,9441133
4411,9441134
4412,9441136
4416,9441289
4417,9441300
4419,9441313
4420,9441462
4422,9442049
4427,9442221
4429,9442313
4430,9442338
4431,9442343
4432,9442344
4433,9442375
4436,9443563
4438,9443618
4440,9443640
4441,9443655
4446,9443751
4448,9443772
4449,9443779
4450,9443791
4451,9443801
4452,9443802
4453,9443805
4454,9443817
4456,9443856
4457,9443865
4458,9443867
4459,9443869
4460,9443874
4461,9443876
4462,9443877
4463,9443880
4464,9443881
4465,9443883
4466,9443885
4467,9443888
4468,9443899
4469,9443907
4470,9443909
4471,9443931
4472,9443934
4474,9443937
4477,9443960
4478,9443966
4479,9443981
4480,9443987
4481,9443989
4482,9443991
4483,9443993
4484,9443996
4485,9443998
4486,9444008
4487,9444013
4488,9444017
4489,9444032
4491,9444399
4493,9445085
4494,9445725
4496,9446003
4497,9446056
4498,9446070
4499,9446126
4500,9446132
4501,9446152
4502,9446153
4503,9446174
4504,9446348
4506,9446504
4507,9446539
4509,9446571
4511,9446956
4512,9446956
4513,9447111
4514,9447260
4515,9447270
4517,9447301
4518,9447305
4524,9448173
4526,9448236
4527,9448253
4528,9448325
4529,9448331
4530,9448492
4533,9449377
4534,9449678
4535,9449693
4536,9449697
4537,9449706
4538,9449708
4539,9449713
4540,9449720
4541,9449732
4543,9449786
4547,9449814
4549,9449819
4551,9449831
4552,9449837
4553,9449838
4554,9449839
4555,9449840
4557,9449855
4559,9449868
4560,9449883
4561,9449898
4562,9449904
4563,9449934
4564,9449966
4565,9449967
4566,9449974
4568,9449982
4569,9449987
4570,9449990
4571,9449990
4572,9449991
4573,9449994
4574,9449996
4575,9449999
4576,9450000
4577,9450000
4578,9450010
4579,9450012
4581,9450026
4582,9450037
4583,9450040
4584,9450043
4587,9450058
4588,9450059
4589,9450065
4590,9450080
4591,9450090
4592,9450102
4593,9450104
4594,9450107
4595,9450108
4596,9450114
4597,9450117
4598,9450119
4599,9450123
4600,9450124
4601,9450124
4602,9450133
4604,9450139
4605,9450142
4606,9450142
4608,9450165
4609,9450199
4610,9450248
4611,9450379
4612,9451131
4613,9451290
4616,9452174
4618,9452219
4619,9452446
4621,9452934
4625,9453114
4626,9453133
4627,9453283
4628,9453305
4629,9453683
4630,9453831
4631,9454078
4632,9454923
4633,9454999
4634,9455016
4636,9455032
4637,9455044
4638,9455049
4641,9455142
4642,9455148
4645,9455188
4646,9455197
4649,9455257
4650,9455258
4651,9455262
4652,9455264
4653,9455267
4654,9455269
4655,9455271
4656,9455278
4657,9455279
4658,9455280
4659,9455288
4660,9455291
4661,9455300
4663,9455321
4664,9455326
4665,9455333
4666,9455349
4667,9455350
4671,9455414
4672,9455421
4673,9455430
4675,9455689
4676,9455709
4677,9456132
4678,9456794
4679,9456983
4680,9457041
4681,9457091
4682,9457321
4684,9457396
4685,9457496
4687,9457538
4688,9458010
4689,9458020
4690,9458027
4691,9458087
4692,9458090
4693,9458169
4695,9458212
4696,9458279
4698,9458311
4700,9458328
4702,9458363
4703,9458448
4704,9458542
4705,9458542
4709,9459210
4710,9459257
4711,9459282
4713,9459512
4714,9459520
4715,9459632
4716,9459835
4719,9460702
4720,9460767
4721,9460786
4722,9460793
4725,9460861
4729,9460921
4730,9460921
4731,9460929
4732,9460931
4733,9460936
4734,9460940
4735,9460967
4736,9460981
4737,9460990
4738,9460997
4741,9461030
4742,9461031
4743,9461033
4744,9461038
4745,9461066
4746,9461069
4747,9461070
4748,9461077
4749,9461102
4750,9461103
4751,9461105
4752,9461107
4754,9461122
4755,9461124
4756,9461124
4757,9461135
4759,9461138
4760,9461140
4762,9461149
4763,9461154
4764,9461176
4765,9461179
4766,9461180
4767,9461181
4768,9461203
4769,9461215
4770,9461228
4771,9461230
4772,9461233
4774,9461244
4775,9461274
4776,9461300
4778,9461586
4779,9461609
4780,9461610
4781,9461627
4782,9462657
4783,9463103
4784,9463253
4785,9463437
4787,9463916
4788,9463976
4789,9463997
4791,9464047
4792,9464142
4794,9464181
4795,9464187
4797,9464369
4799,9464769
4800,9464937
4803,9464995
4804,9465002
4806,9465133
4807,9466339
4809,9466368
4810,9466376
4812,9466391
4814,9466483
4815,9466485
4816,9466527
4817,9466538
4818,9466552
4819,9466559
4820,9466575
4821,9466584
4822,9466591
4823,9466606
4824,9466611
4825,9466615
4826,9466618
4827,9466633
4828,9466640
4829,9466655
4830,9466667
4831,9466670
4832,9466682
4833,9466683
4834,9466684
4836,9466688
4837,9466705
4838,9466725
4839,9466728
4841,9466743
4842,9466745
4843,9466756
4844,9466757
4845,9466762
4846,9466762
4847,9466772
4849,9466790
4850,9466796
4851,9466826
4852,9466826
4854,9466831
4856,9466946
4857,9466970
4859,9468044
4860,9468044
4861,9468402
4862,9468557
4864,9468607
4866,9468691
4867,9468909
4869,9468922
4872,9468989
4874,9469530
4875,9469530
4876,9469531
4877,9469531
4878,9469540
4879,9469540
4880,9469541
4881,9469541
4882,9469572
4883,9469714
4888,9469802
4891,9469935
4892,9470399
4894,9470652
4895,9470699
4897,9470722
4898,9470722
4899,9470826
4900,9470853
4901,9470950
4902,9471184
4903,9471184
4904,9471257
4905,9471279
4906,9471280
4907,9472126
4908,9472269
4909,9472294
4910,9472295
4911,9472316
4912,9472324
4913,9472350
4914,9472400
4915,9472400
4916,9472401
4918,9472436
4921,9472468
4925,9472543
4926,9472559
4927,9472563
4928,9472564
4930,9472574
4931,9472577
4932,9472579
4933,9472583
4935,9472589
4936,9472596
4938,9472611
4939,9472618
4940,9472629
4943,9472644
4944,9472649
4945,9472655
4946,9472656
4949,9472675
4951,9472676
4952,9472678
4953,9472680
4954,9472681
4955,9472682
4956,9472683
4958,9472706
4962,9472745
4963,9472760
4964,9472765
4968,9472811
4971,9473301
4972,9473719
4973,9473753
4974,9473831
4975,9474163
4977,9474488
4979,9474717
4980,9474717
4983,9474809
4987,9475028
4990,9475088
4991,9475105
4994,9475695
4997,9475910
4999,9475921
5001,9475973
5002,9475980
5005,9476019
5007,9476115
5008,9476124
5011,9476782
5014,9476852
5016,9476914
5018,9477024
5019,9477040
5020,9477188
5022,9478259
5023,9478261
5024,9478267
5027,9478363
5028,9478385
5029,9478412
5030,9478416
5031,9478422
5032,9478438
5034,9478493
5035,9478530
5036,9478535
5037,9478539
5038,9478545
5039,9478547
5040,9478564
5041,9478574
5042,9478578
5043,9478579
5044,9478597
5045,9478601
5046,9478603
5047,9478614
5048,9478631
5050,9478664
5051,9478666
5052,9478668
5053,9478670
5054,9478682
5055,9478700
5056,9478705
5057,9478717
5058,9478720
5060,9478737
5063,9478780
5064,9478807
5068,9479259
5069,9479717
5070,9480191
5071,9480207
5072,9480260
5074,9480657
5075,9480964
5076,9481125
5077,9481125
5078,9481160
5079,9481576
5082,9481598
5085,9481827
5089,9481945
5090,9481949
5092,9482616
5093,9482619
5094,9482688
5095,9482785
5097,9482960
5098,9482970
5099,9484099
5100,9484123
5101,9484155
5102,9484155
5104,9484158
5105,9484158
5107,9484197
5108,9484200
5109,9484206
5110,9484217
5111,9484232
5113,9484268
5114,9484271
5117,9484286
5118,9484287
5119,9484296
5122,9484360
5123,9484366
5124,9484367
5125,9484369
5126,9484379
5127,9484384
5129,9484390
5132,9484407
5133,9484420
5134,9484426
5135,9484442
5136,9484443
5137,9484444
5138,9484446
5140,9484448
5141,9484456
5143,9484465
5144,9484466
5145,9484468
5147,9484474
5149,9484474
5151,9484532
5152,9484538
5154,9484553
5155,9484556
5157,9484714
5158,9484715
5162,9486409
5163,9486508
5164,9486540
5166,9486639
5167,9486747
5168,9486772
5170,9486833
5171,9486944
5175,9487002
5176,9487404
5177,9487420
5178,9487437
5179,9487450
5181,9487854
5184,9487885
5186,9488027
5188,9488897
5189,9488907
5191,9489147
5195,9490013
5196,9490019
5197,9490027
5200,9490118
5202,9490124
5204,9490132
5205,9490141
5206,9490142
5207,9490145
5209,9490179
5210,9490193
5212,9490213
5213,9490228
5214,9490229
5215,9490259
5216,9490268
5217,9490275
5218,9490277
5219,9490283
5220,9490300
5221,9490310
5224,9490321
5225,9490321
5226,9490327
5228,9490336
5229,9490336
5231,9490338
5232,9490340
5233,9490351
5234,9490362
5236,9490368
5237,9490373
5238,9490380
5240,9490407
5242,9490410
5244,9490428
5245,9490429
5246,9490433
5247,9490441
5248,9490449
5250,9490472
5251,9490480
5252,9490510
5253,9491118
5255,9491388
5256,9491535
5257,9491535
5258,9491853
5259,9492398
5260,9492400
5262,9492826
5265,9492870
5268,9493119
5269,9493338
5270,9493348
5271,9493351
5273,9493601
5274,9493626
5275,9493635
5276,9493684
5281,9494262
5282,9494474
5286,9494644
5287,9494792
5288,9494830
5289,9494851
5291,9495498
5293,9496011
5294,9496044
5296,9496053
5297,9496069
5298,9496090
5299,9496136
5300,9496138
5301,9496141
5303,9496177
5304,9496220
5305,9496222
5307,9496275
5308,9496278
5309,9496298
5310,9496307
5311,9496310
5312,9496330
5313,9496331
5315,9496339
5316,9496341
5317,9496352
5319,9496365
5320,9496370
5321,9496374
5322,9496375
5323,9496403
5324,9496406
5325,9496410
5326,9496411
5327,9496412
5328,9496413
5329,9496414
5330,9496416
5331,9496419
5334,9496434
5335,9496435
5336,9496456
5337,9496471
5338,9496475
5339,9496511
5340,9496548
5341,9496560
5342,9496587
5343,9496610
5344,9496743
5345,9497370
5346,9497895
5349,9498439
5352,9498760
5353,9499410
5354,9499433
5355,9499435
5356,9499466
5358,9499637
5360,9499728
5363,9499883
5366,9499953
5367,9500305
5370,9500554
5373,9500789
5374,9500796
5376,9500823
5377,9501006
5378,9501035
5379,9501354
5381,9501991
5382,9502080
5383,9502103
5384,9502106
5385,9502113
5386,9502116
5387,9502130
5388,9502133
5389,9502140
5390,9502150
5391,9502150
5392,9502152
5395,9502235
5396,9502239
5397,9502247
5398,9502250
5400,9502265
5401,9502289
5403,9502301
5406,9502357
5407,9502402
5408,9502430
5409,9502434
5410,9502436
5411,9502437
5412,9502445
5413,9502448
5414,9502449
5415,9502454
5416,9502470
5417,9502486
5418,9502489
5419,9502492
5420,9502493
5421,9502499
5423,9502503
5427,9502518
5428,9502518
5429,9502520
5432,9502525
5433,9502526
5434,9502527
5435,9502549
5436,9502551
5437,9502552
5438,9502553
5440,9502570
5441,9502572
5442,9502574
5443,9502579
5444,9502580
5445,9502583
5448,9502629
5450,9502646
5453,9502658
5454,9502659
5456,9502674
5457,9502688
5458,9502711
5459,9502716
5460,9502856
5462,9503046
5464,9504150
5465,9504150
5466,9504158
5468,9504745
5471,9504761
5474,9505165
5476,9505508
5478,9505619
5479,9505621
5485,9505888
5486,9505911
5487,9505922
5489,9505974
5490,9505977
5492,9506019
5494,9506153
5496,9506243
5497,9506627
5498,9506627
5499,9506809
5501,9506864
5502,9506907
5504,9506971
5505,9507182
5506,9507183
5507,9507188
5508,9507206
5509,9507221
5510,9507254
5511,9507663
5512,9508415
5513,9508430
5514,9508438
5515,9508443
5516,9508446
5517,9508547
5518,9508554
5519,9508557
5520,9508571
5521,9508598
5524,9508619
5525,9508620
5526,9508621
5527,9508627
5528,9508630
5529,9508641
5530,9508646
5531,9508654
5533,9508693
5535,9508712
5536,9508736
5537,9508740
5538,9508748
5539,9508750
5540,9508753
5541,9508757
5542,9508758
5543,9508760
5544,9508760
5545,9508763
5546,9508774
5547,9508782
5548,9508795
5551,9508805
5552,9508817
5553,9508828
5555,9508837
5556,9508842
5557,9508856
5558,9508856
5559,9508857
5560,9508861
5561,9508863
5562,9508866
5563,9508885
5564,9508907
5565,9508918
5566,9508928
5567,9508929
5568,9508929
5569,9508934
5571,9509007
5572,9509024
5574,9510767
5575,9511037
5576,9511046
5577,9511078
5578,9511152
5579,9511224
5580,9511329
5581,9511352
5584,9511638
5585,9512001
5586,9512007
5588,9512284
5589,9512290
5590,9512295
5591,9512324
5596,9512421
5597,9512468
5598,9512545
5599,9512698
5601,9513014
5602,9513240
5607,9513425
5609,9513553
5610,9513554
5611,9513602
5613,9514849
5614,9514930
5617,9514944
5618,9514945
5619,9514946
5620,9514961
5622,9514988
5623,9515016
5624,9515065
5625,9515081
5626,9515082
5627,9515093
5628,9515105
5629,9515106
5630,9515116
5632,9515140
5636,9515153
5638,9515170
5640,9515175
5641,9515183
5642,9515190
5643,9515191
5644,9515192
5645,9515193
5647,9515220
5648,9515221
5649,9515221
5651,9515238
5652,9515259
5653,9515259
5654,9515283
5655,9515288
5656,9515290
5657,9515310
5658,9515455
5659,9515631
5660,9516428
5661,9516788
5664,9517295
5668,9517424
5669,9517448
5670,9517528
5671,9517532
5672,9517611
5673,9517915
5674,9517937
5677,9518071
5681,9518339
5682,9518878
5684,9518921
5687,9519097
5688,9519182
5689,9519185
5690,9519198
5695,9519851
5696,9519857
5699,9520188
5700,9520198
5701,9520206
5702,9520216
5704,9520230
5705,9520230
5706,9520241
5707,9520258
5708,9520288
5711,9520337
5712,9520381
5713,9520393
5714,9520406
5715,9520407
5716,9520408
5717,9520412
5718,9520419
5719,9520422
5720,9520436
5721,9520437
5722,9520438
5723,9520440
5724,9520446
5725,9520466
5726,9520473
5727,9520476
5728,9520484
5729,9520489
5731,9520503
5732,9520504
5733,9520527
5734,9520550
5735,9520573
5736,9520598
5741,9521755
5742,9521964
5743,9522220
5745,9522241
5746,9522288
5747,9522352
5750,9522844
5751,9523054
5752,9523101
5754,9523162
5755,9523162
5756,9523577
5757,9523632
5758,9523812
5759,9523868
5760,9523910
5761,9524124
5762,9524483
5763,9524689
5765,9524755
5767,9524786
5768,9524788
5769,9524793
5770,9524949
5771,9524951
5772,9524958
5773,9524970
5774,9524976
5775,9524977
5776,9524979
5777,9524980
5778,9524982
5779,9525004
5780,9525023
5781,9525023
5782,9525029
5783,9525034
5784,9525038
5786,9525058
5787,9525059
5788,9525062
5790,9525072
5791,9525075
5793,9525084
5794,9525087
5795,9525092
5796,9525123
5800,9525137
5801,9525137
5803,9525148
5804,9525177
5805,9525192
5806,9525194
5807,9525268
5808,9525281
5809,9525364
5810,9526693
5811,9526702
5813,9526702
5815,9526745
5816,9526745
5820,9526824
5821,9526824
5828,9527044
5830,9527068
5831,9527083
5833,9527254
5834,9527257
5835,9527266
5836,9527314
5837,9527729
5838,9527738
5839,9527738
5850,9528198
5851,9528592
5852,9528814
5857,9529133
5858,9529136
5859,9529216
5860,9529217
5861,9529240
5862,9529258
5863,9529274
5864,9529274
5866,9529433
5867,9529536
5869,9530371
5871,9530467
5872,9530484
5873,9530512
5875,9530535
5880,9530640
5881,9530640
5883,9530684
5885,9530694
5886,9530697
5887,9530769
5888,9530782
5889,9530790
5890,9530793
5891,9530800
5892,9530804
5893,9530806
5894,9530812
5895,9530817
5896,9530817
5897,9530819
5898,9530836
5899,9530839
5900,9530840
5901,9530841
5902,9530843
5903,9530852
5904,9530855
5905,9530856
5906,9530872
5907,9530873
5908,9530874
5910,9530879
5911,9530881
5912,9530891
5913,9530892
5914,9530894
5915,9530895
5916,9530897
5917,9530905
5923,9530963
5926,9530977
5927,9530978
5929,9531010
5930,9531162
5937,9532956
5939,9533007
5940,9533027
5941,9533045
5942,9533049
5946,9533299
5947,9533328
5949,9533375
5950,9533445
5951,9533523
5952,9533883
5953,9533887
5954,9533888
5956,9533892
5957,9533934
5958,9533934
5959,9533934
5960,9533945
5961,9534024
5962,9534024
5963,9534137
5964,9534154
5965,9534168
5966,9534172
5967,9534173
5970,9534313
5972,9534972
5973,9535034
5974,9535035
5975,9535046
5976,9535135
5977,9535169
5980,9535264
5981,9535273
5982,9535277
5984,9535318
5985,9535418
5987,9535834
5988,9535834
5990,9536583
5991,9536613
5992,9536615
5994,9536643
5999,9536748
6000,9536750
6002,9536774
6003,9536776
6004,9536782
6006,9536821
6009,9536849
6014,9536894
6016,9536898
6017,9536904
6018,9536908
6019,9536927
6020,9536932
6021,9536947
6022,9536953
6023,9536954
6024,9536959
6025,9536962
6027,9537002
6028,9537005
6029,9537012
6030,9537018
6032,9537031
6035,9537043
6036,9537059
6038,9537073
6039,9537075
6041,9537079
6042,9537085
6045,9537118
6046,9537141
6047,9537141
6048,9537151
6049,9537151
6052,9538691
6053,9539210
6055,9539210
6057,9539217
6058,9539560
6059,9539612
6060,9539744
6062,9539800
6063,9539802
6065,9540251
6066,9540284
6068,9540422
6069,9540422
6070,9540435
6071,9540453
6073,9540516
6075,9540549
6076,9540552
6077,9540618
6079,9540684
6080,9540684
6081,9540743
6082,9540763
6083,9540764
6084,9540822
6085,9540900
6086,9541256
6088,9541453
6089,9541453
6090,9541490
6093,9541690
6095,9541764
6098,9541846
6099,9541847
6103,9542993
6104,9543002
6105,9543011
6106,9543020
6107,9543028
6108,9543033
6109,9543043
6111,9543057
6112,9543105
6114,9543125
6115,9543140
6116,9543142
6117,9543143
6118,9543145
6119,9543148
6120,9543156
6121,9543161
6122,9543171
6126,9543228
6127,9543228
6128,9543258
6129,9543289
6130,9543310
6131,9543314
6132,9543315
6133,9543317
6134,9543320
6135,9543322
6136,9543325
6137,9543329
6138,9543334
6139,9543336
6140,9543337
6141,9543339
6143,9543356
6145,9543385
6146,9543394
6147,9543412
6148,9543413
6151,9543427
6152,9543428
6153,9543428
6154,9543429
6157,9543458
6158,9543481
6159,9543523
6164,9543578
6166,9543627
6169,9545042
6170,9545363
6171,9545384
6175,9545584
6177,9545625
6178,9545670
6179,9546092
6182,9546192
6187,9546416
6189,9546420
6190,9546958
6192,9547195
6193,9547743
6194,9548009
6195,9548036
6196,9548085
6198,9548188
6201,9548210
6203,9548254
6205,9548272
6206,9548294
6207,9548308
6208,9548325
6209,9548330
6210,9548331
6213,9548360
6216,9548372
6217,9548381
6218,9548383
6219,9548391
6220,9548391
6221,9548392
6222,9548393
6224,9548395
6225,9548396
6226,9548414
6230,9548448
6231,9548455
6232,9548455
6233,9548464
6234,9548464
6235,9548465
6236,9548491
6237,9548501
6242,9549950
6244,9549998
6245,9550053
6246,9550071
6248,9550170
6249,9550202
6250,9550309
6251,9550322
6253,9550670
6255,9550810
6257,9550846
6258,9550869
6259,9550870
6260,9550871
6262,9550931
6263,9550953
6265,9551048
6266,9551068
6272,9551826
6273,9551829
6275,9551848
6277,9551937
6278,9552107
6279,9552107
6280,9552108
6281,9552108
6282,9552109
6283,9552109
6284,9552110
6285,9552110
6286,9552790
6290,9552982
6291,9552996
6292,9552998
6294,9553042
6295,9553047
6296,9553050
6297,9553060
6298,9553063
6299,9553100
6301,9553109
6302,9553121
6303,9553130
6305,9553167
6306,9553170
6307,9553182
6308,9553185
6309,9553189
6310,9553197
6311,9553201
6312,9553201
6313,9553202
6314,9553203
6315,9553205
6316,9553217
6317,9553238
6320,9553307
6322,9553325
6324,9553425
6325,9553561
6326,9554215
6327,9554215
6328,9554431
6329,9554460
6330,9554701
6331,9555008
6333,9555132
6334,9555134
6335,9555136
6336,9555163
6337,9555165
6338,9555229
6343,9555623
6344,9556034
6345,9556074
6346,9556088
6351,9556522
6352,9556536
6354,9556878
6355,9557272
6356,9557282
6357,9557292
6360,9557324
6361,9557426
6362,9557437
6363,9557460
6365,9557480
6366,9557605
6368,9557788
6371,9558565
6373,9558791
6374,9558794
6375,9558815
6376,9558830
6377,9558832
6378,9558833
6380,9558837
6381,9558838
6383,9558861
6384,9558863
6386,9558929
6389,9558939
6390,9558942
6391,9558945
6392,9558967
6393,9558989
6394,9558990
6395,9559007
6397,9559015
6399,9559033
6400,9559052
6401,9559058
6402,9559063
6404,9559095
6406,9559104
6407,9559117
6408,9559129
6409,9559131
6410,9559132
6411,9559159
6414,9559164
6415,9559169
6416,9559173
6417,9559174
6418,9559183
6419,9559188
6420,9559193
6421,9559208
6422,9559210
6423,9559211
6424,9559212
6425,9559213
6427,9559221
6428,9559222
6429,9559242
6430,9559255
6431,9559255
6432,9559274
6433,9559279
6434,9559284
6435,9559298
6437,9559318
6438,9559318
6439,9559319
6440,9559319
6441,9559322
6442,9559691
6443,9559693
6445,9559712
6446,9560294
6447,9560735
6448,9560754
6451,9561192
6453,9561286
6454,9561288
6455,9561473
6456,9561488
6457,9561497
6461,9561962
6462,9561962
6463,9561963
6464,9561963
6465,9561966
6468,9562293
6469,9562319
6470,9562328
6471,9562809
6473,9562907
6474,9562993
6475,9562999
6476,9563079
6477,9563080
6478,9563087
6479,9563094
6480,9563505
6482,9563836
6483,9564078
6484,9564185
6485,9564196
6486,9564230
6487,9564232
6488,9564240
6490,9564260
6491,9564274
6493,9564286
6494,9564309
6496,9564317
6497,9564322
6498,9564366
6501,9564426
6502,9564447
6503,9564457
6504,9564459
6505,9564467
6506,9564474
6508,9564479
6512,9564488
6515,9564527
6517,9564532
6518,9564534
6519,9564535
6520,9564540
6521,9564542
6523,9564589
6524,9564594
6525,9564594
6526,9564622
6528,9564653
6529,9564653
6530,9564734
6531,9565405
6537,9567218
6538,9567218
6539,9567221
6540,9567221
6544,9567257
6545,9567257
6546,9567265
6549,9567415
6551,9567452
6552,9567514
6553,9567520
6556,9567668
6557,9567846
6558,9568377
6562,9568447
6563,9568464
6564,9568475
6565,9568671
6566,9568790
6567,9568948
6568,9569020
6569,9570182
6570,9570190
6571,9570235
6573,9570289
6574,9570292
6575,9570292
6576,9570293
6577,9570293
6578,9570310
6579,9570312
6580,9570329
6581,9570346
6582,9570347
6584,9570353
6585,9570358
6586,9570362
6587,9570384
6588,9570385
6589,9570396
6590,9570399
6591,9570412
6592,9570417
6594,9570435
6596,9570460
6597,9570461
6598,9570464
6599,9570470
6600,9570482
6601,9570483
6602,9570487
6603,9570487
6604,9570502
6606,9570514
6607,9570515
6608,9570528
6609,9570537
6611,9570543
6615,9570552
6616,9570559
6618,9570581
6619,9570593
6620,9570594
6621,9570601
6622,9570602
6623,9570610
6624,9570619
6625,9570621
6626,9570622
6627,9570624
6628,9570626
6629,9570627
6630,9570627
6631,9570644
6636,9570749
6637,9570750
6638,9570751
6640,9570887
6641,9570888
6643,9572253
6647,9572795
6648,9572800
6649,9572880
6650,9572893
6655,9573194
6656,9573312
6659,9573812
6660,9573813
6661,9573814
6663,9573856
6664,9573857
6665,9573857
6668,9574053
6669,9574053
6671,9574069
6672,9574076
6673,9574076
6674,9574096
6678,9574135
6679,9574155
6680,9574228
6681,9574269
6682,9574284
6683,9574287
6685,9574300
6686,9574352
6687,9574875
6688,9574990
6690,9575234
6691,9575250
6692,9575267
6693,9575270
6694,9575358
6695,9575598
6696,9575598
6697,9575601
6698,9575601
6699,9576313
6700,9576568
6703,9576681
6704,9576706
6705,9576764
6708,9576790
6709,9576795
6710,9576797
6711,9576799
6713,9576799
6716,9576820
6718,9576845
6719,9576850
6720,9576856
6722,9576874
6723,9576876
6724,9576879
6725,9576879
6726,9576881
6727,9576905
6728,9576907
6730,9576922
6731,9576923
6732,9576924
6733,9576925
6734,9576965
6736,9576971
6737,9576981
6738,9576986
6739,9576990
6740,9577005
6742,9577042
6743,9577044
6744,9577049
6745,9577077
6746,9577082
6747,9577090
6748,9577095
6749,9577100
6750,9577105
6751,9577105
6752,9577107
6753,9577110
6754,9577112
6755,9577114
6756,9577125
6758,9577149
6759,9577172
6760,9577174
6761,9577175
6764,9577223
6765,9577251
6766,9577252
6767,9577260
6768,9577265
6769,9577265
6771,9578342
6772,9578434
6773,9578434
6775,9578923
6776,9579283
6781,9579427
6784,9579829
6785,9579867
6786,9580305
6787,9580319
6790,9580359
6791,9580421
6794,9580555
6796,9580560
6798,9580751
6800,9580802
6802,9580846
6803,9580847
6804,9581001
6805,9581143
6807,9581188
6810,9581590
6811,9581592
6814,9581759
6815,9581838
6816,9581854
6817,9581854
6819,9581895
6820,9582414
6822,9583180
6823,9583200
6824,9583204
6825,9583246
6826,9583268
6827,9583270
6829,9583331
6833,9583356
6835,9583385
6837,9583392
6838,9583393
6839,9583406
6840,9583412
6841,9583435
6842,9583441
6843,9583453
6845,9583481
6847,9583500
6848,9583502
6849,9583504
6850,9583505
6851,9583509
6852,9583517
6853,9583526
6855,9583538
6856,9583570
6858,9583601
6859,9583608
6860,9583629
6861,9583630
6862,9583632
6863,9583633
6864,9583634
6866,9583642
6867,9583655
6868,9583656
6871,9583671
6872,9583694
6873,9583702
6875,9583722
6876,9583723
6877,9583723
6878,9583726
6881,9584088
6882,9584744
6883,9584750
6884,9585666
6885,9585736
6886,9585840
6889,9586044
6891,9586814
6893,9586826
6894,9586972
6895,9587071
6899,9587089
6903,9587842
6904,9588073
6905,9588077
6906,9588079
6908,9588084
6909,9588105
6912,9588274
6913,9588298
6914,9588327
6915,9588386
6917,9589094
6918,9589603
6919,9589621
6920,9589651
6921,9589668
6922,9589675
6923,9589695
6924,9589696
6925,9589699
6926,9589733
6927,9589764
6928,9589787
6929,9589790
6930,9589801
6931,9589805
6932,9589810
6933,9589853
6934,9589882
6935,9589887
6936,9589893
6937,9589954
6939,9589963
6940,9589968
6941,9589972
6942,9589974
6943,9589988
6944,9589989
6945,9589993
6946,9589998
6947,9590005
6948,9590011
6949,9590021
6951,9590049
6952,9590078
6953,9590081
6954,9590084
6957,9590098
6958,9590109
6959,9590111
6960,9590112
6962,9590114
6963,9590117
6964,9590118
6966,9590136
6967,9590136
6968,9590153
6969,9590175
6971,9590187
6975,9590392
6976,9590514
6977,9590652
6979,9591316
6980,9591318
